KEY,FREQ,ADJUSTMENT,REF_AREA,COUNTERPART_AREA,REF_SECTOR,COUNTERPART_SECTOR,ACCOUNTING_ENTRY,STO,INSTR_ASSET,ACTIVITY,EXPENDITURE,UNIT_MEASURE,PRICES,TRANSFORMATION,TIME_PERIOD,OBS_VALUE,OBS_STATUS,CONF_STATUS,PRE_BREAK_VALUE,COMMENT_OBS,EMBARGO_DATE,TIME_FORMAT,COMMENT_TS,COMPILING_ORG,CURRENCY,DATA_COMP,DECIMALS,DISS_ORG,LAST_UPDATE,REF_PERIOD_DETAIL,REF_YEAR_PRICE,REPYEAREND,REPYEARSTART,TABLE_IDENTIFIER,TIME_PER_COLLECT,TITLE,TITLE_COMPL,UNIT_MULT,COMMENT_DSET
MNA.Q.Y.RO.W2.S1.S1.B.B1GQ._Z._Z._Z.EUR.LR.N,Q,Y,RO,W2,S1,S1,B,B1GQ,_Z,_Z,_Z,EUR,LR,N,1995-Q1,28240.6630428043,A,F,,,,P3M,"Gross domestic product at market prices - Romania - Domestic (home or reference area), Total economy, Euro, Chain linked volume (rebased), Non transformed data, Calendar and seasonally adjusted data",4D0,,,2,,,C,2015,,,,S,"Gross domestic product at market prices, volume",,6,
MNA.Q.Y.RO.W2.S1.S1.B.B1GQ._Z._Z._Z.EUR.LR.N,Q,Y,RO,W2,S1,S1,B,B1GQ,_Z,_Z,_Z,EUR,LR,N,1995-Q2,27633.197610731,A,F,,,,P3M,"Gross domestic product at market prices - Romania - Domestic (home or reference area), Total economy, Euro, Chain linked volume (rebased), Non transformed data, Calendar and seasonally adjusted data",4D0,,,2,,,C,2015,,,,S,"Gross domestic product at market prices, volume",,6,
MNA.Q.Y.RO.W2.S1.S1.B.B1GQ._Z._Z._Z.EUR.LR.N,Q,Y,RO,W2,S1,S1,B,B1GQ,_Z,_Z,_Z,EUR,LR,N,1995-Q3,27314.7179794556,A,F,,,,P3M,"Gross domestic product at market prices - Romania - Domestic (home or reference area), Total economy, Euro, Chain linked volume (rebased), Non transformed data, Calendar and seasonally adjusted data",4D0,,,2,,,C,2015,,,,S,"Gross domestic product at market prices, volume",,6,
MNA.Q.Y.RO.W2.S1.S1.B.B1GQ._Z._Z._Z.EUR.LR.N,Q,Y,RO,W2,S1,S1,B,B1GQ,_Z,_Z,_Z,EUR,LR,N,1995-Q4,25853.8122894405,A,F,,,,P3M,"Gross domestic product at market prices - Romania - Domestic (home or reference area), Total economy, Euro, Chain linked volume (rebased), Non transformed data, Calendar and seasonally adjusted data",4D0,,,2,,,C,2015,,,,S,"Gross domestic product at market prices, volume",,6,
MNA.Q.Y.RO.W2.S1.S1.B.B1GQ._Z._Z._Z.EUR.LR.N,Q,Y,RO,W2,S1,S1,B,B1GQ,_Z,_Z,_Z,EUR,LR,N,1996-Q1,28984.0646508071,A,F,,,,P3M,"Gross domestic product at market prices - Romania - Domestic (home or reference area), Total economy, Euro, Chain linked volume (rebased), Non transformed data, Calendar and seasonally adjusted data",4D0,,,2,,,C,2015,,,,S,"Gross domestic product at market prices, volume",,6,
MNA.Q.Y.RO.W2.S1.S1.B.B1GQ._Z._Z._Z.EUR.LR.N,Q,Y,RO,W2,S1,S1,B,B1GQ,_Z,_Z,_Z,EUR,LR,N,1996-Q2,28835.169377674,A,F,,,,P3M,"Gross domestic product at market prices - Romania - Domestic (home or reference area), Total economy, Euro, Chain linked volume (rebased), Non transformed data, Calendar and seasonally adjusted data",4D0,,,2,,,C,2015,,,,S,"Gross domestic product at market prices, volume",,6,
MNA.Q.Y.RO.W2.S1.S1.B.B1GQ._Z._Z._Z.EUR.LR.N,Q,Y,RO,W2,S1,S1,B,B1GQ,_Z,_Z,_Z,EUR,LR,N,1996-Q3,27947.7709112705,A,F,,,,P3M,"Gross domestic product at market prices - Romania - Domestic (home or reference area), Total economy, Euro, Chain linked volume (rebased), Non transformed data, Calendar and seasonally adjusted data",4D0,,,2,,,C,2015,,,,S,"Gross domestic product at market prices, volume",,6,
MNA.Q.Y.RO.W2.S1.S1.B.B1GQ._Z._Z._Z.EUR.LR.N,Q,Y,RO,W2,S1,S1,B,B1GQ,_Z,_Z,_Z,EUR,LR,N,1996-Q4,27536.4280842445,A,F,,,,P3M,"Gross domestic product at market prices - Romania - Domestic (home or reference area), Total economy, Euro, Chain linked volume (rebased), Non transformed data, Calendar and seasonally adjusted data",4D0,,,2,,,C,2015,,,,S,"Gross domestic product at market prices, volume",,6,
MNA.Q.Y.RO.W2.S1.S1.B.B1GQ._Z._Z._Z.EUR.LR.N,Q,Y,RO,W2,S1,S1,B,B1GQ,_Z,_Z,_Z,EUR,LR,N,1997-Q1,27947.89492177,A,F,,,,P3M,"Gross domestic product at market prices - Romania - Domestic (home or reference area), Total economy, Euro, Chain linked volume (rebased), Non transformed data, Calendar and seasonally adjusted data",4D0,,,2,,,C,2015,,,,S,"Gross domestic product at market prices, volume",,6,
MNA.Q.Y.RO.W2.S1.S1.B.B1GQ._Z._Z._Z.EUR.LR.N,Q,Y,RO,W2,S1,S1,B,B1GQ,_Z,_Z,_Z,EUR,LR,N,1997-Q2,26716.6360085154,A,F,,,,P3M,"Gross domestic product at market prices - Romania - Domestic (home or reference area), Total economy, Euro, Chain linked volume (rebased), Non transformed data, Calendar and seasonally adjusted data",4D0,,,2,,,C,2015,,,,S,"Gross domestic product at market prices, volume",,6,
MNA.Q.Y.RO.W2.S1.S1.B.B1GQ._Z._Z._Z.EUR.LR.N,Q,Y,RO,W2,S1,S1,B,B1GQ,_Z,_Z,_Z,EUR,LR,N,1997-Q3,26882.2106938387,A,F,,,,P3M,"Gross domestic product at market prices - Romania - Domestic (home or reference area), Total economy, Euro, Chain linked volume (rebased), Non transformed data, Calendar and seasonally adjusted data",4D0,,,2,,,C,2015,,,,S,"Gross domestic product at market prices, volume",,6,
MNA.Q.Y.RO.W2.S1.S1.B.B1GQ._Z._Z._Z.EUR.LR.N,Q,Y,RO,W2,S1,S1,B,B1GQ,_Z,_Z,_Z,EUR,LR,N,1997-Q4,26262.5508959759,A,F,,,,P3M,"Gross domestic product at market prices - Romania - Domestic (home or reference area), Total economy, Euro, Chain linked volume (rebased), Non transformed data, Calendar and seasonally adjusted data",4D0,,,2,,,C,2015,,,,S,"Gross domestic product at market prices, volume",,6,
MNA.Q.Y.RO.W2.S1.S1.B.B1GQ._Z._Z._Z.EUR.LR.N,Q,Y,RO,W2,S1,S1,B,B1GQ,_Z,_Z,_Z,EUR,LR,N,1998-Q1,25232.2509972511,A,F,,,,P3M,"Gross domestic product at market prices - Romania - Domestic (home or reference area), Total economy, Euro, Chain linked volume (rebased), Non transformed data, Calendar and seasonally adjusted data",4D0,,,2,,,C,2015,,,,S,"Gross domestic product at market prices, volume",,6,
MNA.Q.Y.RO.W2.S1.S1.B.B1GQ._Z._Z._Z.EUR.LR.N,Q,Y,RO,W2,S1,S1,B,B1GQ,_Z,_Z,_Z,EUR,LR,N,1998-Q2,25673.025649505,A,F,,,,P3M,"Gross domestic product at market prices - Romania - Domestic (home or reference area), Total economy, Euro, Chain linked volume (rebased), Non transformed data, Calendar and seasonally adjusted data",4D0,,,2,,,C,2015,,,,S,"Gross domestic product at market prices, volume",,6,
MNA.Q.Y.RO.W2.S1.S1.B.B1GQ._Z._Z._Z.EUR.LR.N,Q,Y,RO,W2,S1,S1,B,B1GQ,_Z,_Z,_Z,EUR,LR,N,1998-Q3,27086.6420023562,A,F,,,,P3M,"Gross domestic product at market prices - Romania - Domestic (home or reference area), Total economy, Euro, Chain linked volume (rebased), Non transformed data, Calendar and seasonally adjusted data",4D0,,,2,,,C,2015,,,,S,"Gross domestic product at market prices, volume",,6,
MNA.Q.Y.RO.W2.S1.S1.B.B1GQ._Z._Z._Z.EUR.LR.N,Q,Y,RO,W2,S1,S1,B,B1GQ,_Z,_Z,_Z,EUR,LR,N,1998-Q4,27629.0225905793,A,F,,,,P3M,"Gross domestic product at market prices - Romania - Domestic (home or reference area), Total economy, Euro, Chain linked volume (rebased), Non transformed data, Calendar and seasonally adjusted data",4D0,,,2,,,C,2015,,,,S,"Gross domestic product at market prices, volume",,6,
MNA.Q.Y.RO.W2.S1.S1.B.B1GQ._Z._Z._Z.EUR.LR.N,Q,Y,RO,W2,S1,S1,B,B1GQ,_Z,_Z,_Z,EUR,LR,N,1999-Q1,26877.4156211893,A,F,,,,P3M,"Gross domestic product at market prices - Romania - Domestic (home or reference area), Total economy, Euro, Chain linked volume (rebased), Non transformed data, Calendar and seasonally adjusted data",4D0,,,2,,,C,2015,,,,S,"Gross domestic product at market prices, volume",,6,
MNA.Q.Y.RO.W2.S1.S1.B.B1GQ._Z._Z._Z.EUR.LR.N,Q,Y,RO,W2,S1,S1,B,B1GQ,_Z,_Z,_Z,EUR,LR,N,1999-Q2,26496.4553665544,A,F,,,,P3M,"Gross domestic product at market prices - Romania - Domestic (home or reference area), Total economy, Euro, Chain linked volume (rebased), Non transformed data, Calendar and seasonally adjusted data",4D0,,,2,,,C,2015,,,,S,"Gross domestic product at market prices, volume",,6,
MNA.Q.Y.RO.W2.S1.S1.B.B1GQ._Z._Z._Z.EUR.LR.N,Q,Y,RO,W2,S1,S1,B,B1GQ,_Z,_Z,_Z,EUR,LR,N,1999-Q3,26098.8983733956,A,F,,,,P3M,"Gross domestic product at market prices - Romania - Domestic (home or reference area), Total economy, Euro, Chain linked volume (rebased), Non transformed data, Calendar and seasonally adjusted data",4D0,,,2,,,C,2015,,,,S,"Gross domestic product at market prices, volume",,6,
MNA.Q.Y.RO.W2.S1.S1.B.B1GQ._Z._Z._Z.EUR.LR.N,Q,Y,RO,W2,S1,S1,B,B1GQ,_Z,_Z,_Z,EUR,LR,N,1999-Q4,25750.3461959779,A,F,,,,P3M,"Gross domestic product at market prices - Romania - Domestic (home or reference area), Total economy, Euro, Chain linked volume (rebased), Non transformed data, Calendar and seasonally adjusted data",4D0,,,2,,,C,2015,,,,S,"Gross domestic product at market prices, volume",,6,
MNA.Q.Y.RO.W2.S1.S1.B.B1GQ._Z._Z._Z.EUR.LR.N,Q,Y,RO,W2,S1,S1,B,B1GQ,_Z,_Z,_Z,EUR,LR,N,2000-Q1,26510.7579108364,A,F,,,,P3M,"Gross domestic product at market prices - Romania - Domestic (home or reference area), Total economy, Euro, Chain linked volume (rebased), Non transformed data, Calendar and seasonally adjusted data",4D0,,,2,,,C,2015,,,,S,"Gross domestic product at market prices, volume",,6,
MNA.Q.Y.RO.W2.S1.S1.B.B1GQ._Z._Z._Z.EUR.LR.N,Q,Y,RO,W2,S1,S1,B,B1GQ,_Z,_Z,_Z,EUR,LR,N,2000-Q2,27991.8566438625,A,F,,,,P3M,"Gross domestic product at market prices - Romania - Domestic (home or reference area), Total economy, Euro, Chain linked volume (rebased), Non transformed data, Calendar and seasonally adjusted data",4D0,,,2,,,C,2015,,,,S,"Gross domestic product at market prices, volume",,6,
MNA.Q.Y.RO.W2.S1.S1.B.B1GQ._Z._Z._Z.EUR.LR.N,Q,Y,RO,W2,S1,S1,B,B1GQ,_Z,_Z,_Z,EUR,LR,N,2000-Q3,26442.7794886634,A,F,,,,P3M,"Gross domestic product at market prices - Romania - Domestic (home or reference area), Total economy, Euro, Chain linked volume (rebased), Non transformed data, Calendar and seasonally adjusted data",4D0,,,2,,,C,2015,,,,S,"Gross domestic product at market prices, volume",,6,
MNA.Q.Y.RO.W2.S1.S1.B.B1GQ._Z._Z._Z.EUR.LR.N,Q,Y,RO,W2,S1,S1,B,B1GQ,_Z,_Z,_Z,EUR,LR,N,2000-Q4,26867.5154496414,A,F,,,,P3M,"Gross domestic product at market prices - Romania - Domestic (home or reference area), Total economy, Euro, Chain linked volume (rebased), Non transformed data, Calendar and seasonally adjusted data",4D0,,,2,,,C,2015,,,,S,"Gross domestic product at market prices, volume",,6,
MNA.Q.Y.RO.W2.S1.S1.B.B1GQ._Z._Z._Z.EUR.LR.N,Q,Y,RO,W2,S1,S1,B,B1GQ,_Z,_Z,_Z,EUR,LR,N,2001-Q1,28006.4692143935,A,F,,,,P3M,"Gross domestic product at market prices - Romania - Domestic (home or reference area), Total economy, Euro, Chain linked volume (rebased), Non transformed data, Calendar and seasonally adjusted data",4D0,,,2,,,C,2015,,,,S,"Gross domestic product at market prices, volume",,6,
MNA.Q.Y.RO.W2.S1.S1.B.B1GQ._Z._Z._Z.EUR.LR.N,Q,Y,RO,W2,S1,S1,B,B1GQ,_Z,_Z,_Z,EUR,LR,N,2001-Q2,27721.9684599963,A,F,,,,P3M,"Gross domestic product at market prices - Romania - Domestic (home or reference area), Total economy, Euro, Chain linked volume (rebased), Non transformed data, Calendar and seasonally adjusted data",4D0,,,2,,,C,2015,,,,S,"Gross domestic product at market prices, volume",,6,
MNA.Q.Y.RO.W2.S1.S1.B.B1GQ._Z._Z._Z.EUR.LR.N,Q,Y,RO,W2,S1,S1,B,B1GQ,_Z,_Z,_Z,EUR,LR,N,2001-Q3,28499.3696132939,A,F,,,,P3M,"Gross domestic product at market prices - Romania - Domestic (home or reference area), Total economy, Euro, Chain linked volume (rebased), Non transformed data, Calendar and seasonally adjusted data",4D0,,,2,,,C,2015,,,,S,"Gross domestic product at market prices, volume",,6,
MNA.Q.Y.RO.W2.S1.S1.B.B1GQ._Z._Z._Z.EUR.LR.N,Q,Y,RO,W2,S1,S1,B,B1GQ,_Z,_Z,_Z,EUR,LR,N,2001-Q4,29210.9625281607,A,F,,,,P3M,"Gross domestic product at market prices - Romania - Domestic (home or reference area), Total economy, Euro, Chain linked volume (rebased), Non transformed data, Calendar and seasonally adjusted data",4D0,,,2,,,C,2015,,,,S,"Gross domestic product at market prices, volume",,6,
MNA.Q.Y.RO.W2.S1.S1.B.B1GQ._Z._Z._Z.EUR.LR.N,Q,Y,RO,W2,S1,S1,B,B1GQ,_Z,_Z,_Z,EUR,LR,N,2002-Q1,29600.9135440134,A,F,,,,P3M,"Gross domestic product at market prices - Romania - Domestic (home or reference area), Total economy, Euro, Chain linked volume (rebased), Non transformed data, Calendar and seasonally adjusted data",4D0,,,2,,,C,2015,,,,S,"Gross domestic product at market prices, volume",,6,
MNA.Q.Y.RO.W2.S1.S1.B.B1GQ._Z._Z._Z.EUR.LR.N,Q,Y,RO,W2,S1,S1,B,B1GQ,_Z,_Z,_Z,EUR,LR,N,2002-Q2,30241.3037637187,A,F,,,,P3M,"Gross domestic product at market prices - Romania - Domestic (home or reference area), Total economy, Euro, Chain linked volume (rebased), Non transformed data, Calendar and seasonally adjusted data",4D0,,,2,,,C,2015,,,,S,"Gross domestic product at market prices, volume",,6,
MNA.Q.Y.RO.W2.S1.S1.B.B1GQ._Z._Z._Z.EUR.LR.N,Q,Y,RO,W2,S1,S1,B,B1GQ,_Z,_Z,_Z,EUR,LR,N,2002-Q3,29880.3505363454,A,F,,,,P3M,"Gross domestic product at market prices - Romania - Domestic (home or reference area), Total economy, Euro, Chain linked volume (rebased), Non transformed data, Calendar and seasonally adjusted data",4D0,,,2,,,C,2015,,,,S,"Gross domestic product at market prices, volume",,6,
MNA.Q.Y.RO.W2.S1.S1.B.B1GQ._Z._Z._Z.EUR.LR.N,Q,Y,RO,W2,S1,S1,B,B1GQ,_Z,_Z,_Z,EUR,LR,N,2002-Q4,30185.6230494182,A,F,,,,P3M,"Gross domestic product at market prices - Romania - Domestic (home or reference area), Total economy, Euro, Chain linked volume (rebased), Non transformed data, Calendar and seasonally adjusted data",4D0,,,2,,,C,2015,,,,S,"Gross domestic product at market prices, volume",,6,
MNA.Q.Y.RO.W2.S1.S1.B.B1GQ._Z._Z._Z.EUR.LR.N,Q,Y,RO,W2,S1,S1,B,B1GQ,_Z,_Z,_Z,EUR,LR,N,2003-Q1,30180.8899820185,A,F,,,,P3M,"Gross domestic product at market prices - Romania - Domestic (home or reference area), Total economy, Euro, Chain linked volume (rebased), Non transformed data, Calendar and seasonally adjusted data",4D0,,,2,,,C,2015,,,,S,"Gross domestic product at market prices, volume",,6,
MNA.Q.Y.RO.W2.S1.S1.B.B1GQ._Z._Z._Z.EUR.LR.N,Q,Y,RO,W2,S1,S1,B,B1GQ,_Z,_Z,_Z,EUR,LR,N,2003-Q2,30941.0330074613,A,F,,,,P3M,"Gross domestic product at market prices - Romania - Domestic (home or reference area), Total economy, Euro, Chain linked volume (rebased), Non transformed data, Calendar and seasonally adjusted data",4D0,,,2,,,C,2015,,,,S,"Gross domestic product at market prices, volume",,6,
MNA.Q.Y.RO.W2.S1.S1.B.B1GQ._Z._Z._Z.EUR.LR.N,Q,Y,RO,W2,S1,S1,B,B1GQ,_Z,_Z,_Z,EUR,LR,N,2003-Q3,31019.428311597,A,F,,,,P3M,"Gross domestic product at market prices - Romania - Domestic (home or reference area), Total economy, Euro, Chain linked volume (rebased), Non transformed data, Calendar and seasonally adjusted data",4D0,,,2,,,C,2015,,,,S,"Gross domestic product at market prices, volume",,6,
MNA.Q.Y.RO.W2.S1.S1.B.B1GQ._Z._Z._Z.EUR.LR.N,Q,Y,RO,W2,S1,S1,B,B1GQ,_Z,_Z,_Z,EUR,LR,N,2003-Q4,30574.0239340264,A,F,,,,P3M,"Gross domestic product at market prices - Romania - Domestic (home or reference area), Total economy, Euro, Chain linked volume (rebased), Non transformed data, Calendar and seasonally adjusted data",4D0,,,2,,,C,2015,,,,S,"Gross domestic product at market prices, volume",,6,
MNA.Q.Y.RO.W2.S1.S1.B.B1GQ._Z._Z._Z.EUR.LR.N,Q,Y,RO,W2,S1,S1,B,B1GQ,_Z,_Z,_Z,EUR,LR,N,2004-Q1,32371.9488250005,A,F,,,,P3M,"Gross domestic product at market prices - Romania - Domestic (home or reference area), Total economy, Euro, Chain linked volume (rebased), Non transformed data, Calendar and seasonally adjusted data",4D0,,,2,,,C,2015,,,,S,"Gross domestic product at market prices, volume",,6,
MNA.Q.Y.RO.W2.S1.S1.B.B1GQ._Z._Z._Z.EUR.LR.N,Q,Y,RO,W2,S1,S1,B,B1GQ,_Z,_Z,_Z,EUR,LR,N,2004-Q2,33204.7826715995,A,F,,,,P3M,"Gross domestic product at market prices - Romania - Domestic (home or reference area), Total economy, Euro, Chain linked volume (rebased), Non transformed data, Calendar and seasonally adjusted data",4D0,,,2,,,C,2015,,,,S,"Gross domestic product at market prices, volume",,6,
MNA.Q.Y.RO.W2.S1.S1.B.B1GQ._Z._Z._Z.EUR.LR.N,Q,Y,RO,W2,S1,S1,B,B1GQ,_Z,_Z,_Z,EUR,LR,N,2004-Q3,34658.0410474754,A,F,,,,P3M,"Gross domestic product at market prices - Romania - Domestic (home or reference area), Total economy, Euro, Chain linked volume (rebased), Non transformed data, Calendar and seasonally adjusted data",4D0,,,2,,,C,2015,,,,S,"Gross domestic product at market prices, volume",,6,
MNA.Q.Y.RO.W2.S1.S1.B.B1GQ._Z._Z._Z.EUR.LR.N,Q,Y,RO,W2,S1,S1,B,B1GQ,_Z,_Z,_Z,EUR,LR,N,2004-Q4,35277.5354980055,A,F,,,,P3M,"Gross domestic product at market prices - Romania - Domestic (home or reference area), Total economy, Euro, Chain linked volume (rebased), Non transformed data, Calendar and seasonally adjusted data",4D0,,,2,,,C,2015,,,,S,"Gross domestic product at market prices, volume",,6,
MNA.Q.Y.RO.W2.S1.S1.B.B1GQ._Z._Z._Z.EUR.LR.N,Q,Y,RO,W2,S1,S1,B,B1GQ,_Z,_Z,_Z,EUR,LR,N,2005-Q1,34770.9319389042,A,F,,,,P3M,"Gross domestic product at market prices - Romania - Domestic (home or reference area), Total economy, Euro, Chain linked volume (rebased), Non transformed data, Calendar and seasonally adjusted data",4D0,,,2,,,C,2015,,,,S,"Gross domestic product at market prices, volume",,6,
MNA.Q.Y.RO.W2.S1.S1.B.B1GQ._Z._Z._Z.EUR.LR.N,Q,Y,RO,W2,S1,S1,B,B1GQ,_Z,_Z,_Z,EUR,LR,N,2005-Q2,35125.0439203853,A,F,,,,P3M,"Gross domestic product at market prices - Romania - Domestic (home or reference area), Total economy, Euro, Chain linked volume (rebased), Non transformed data, Calendar and seasonally adjusted data",4D0,,,2,,,C,2015,,,,S,"Gross domestic product at market prices, volume",,6,
MNA.Q.Y.RO.W2.S1.S1.B.B1GQ._Z._Z._Z.EUR.LR.N,Q,Y,RO,W2,S1,S1,B,B1GQ,_Z,_Z,_Z,EUR,LR,N,2005-Q3,35430.7091333733,A,F,,,,P3M,"Gross domestic product at market prices - Romania - Domestic (home or reference area), Total economy, Euro, Chain linked volume (rebased), Non transformed data, Calendar and seasonally adjusted data",4D0,,,2,,,C,2015,,,,S,"Gross domestic product at market prices, volume",,6,
MNA.Q.Y.RO.W2.S1.S1.B.B1GQ._Z._Z._Z.EUR.LR.N,Q,Y,RO,W2,S1,S1,B,B1GQ,_Z,_Z,_Z,EUR,LR,N,2005-Q4,36511.5226422504,A,F,,,,P3M,"Gross domestic product at market prices - Romania - Domestic (home or reference area), Total economy, Euro, Chain linked volume (rebased), Non transformed data, Calendar and seasonally adjusted data",4D0,,,2,,,C,2015,,,,S,"Gross domestic product at market prices, volume",,6,
MNA.Q.Y.RO.W2.S1.S1.B.B1GQ._Z._Z._Z.EUR.LR.N,Q,Y,RO,W2,S1,S1,B,B1GQ,_Z,_Z,_Z,EUR,LR,N,2006-Q1,37454.312465122,A,F,,,,P3M,"Gross domestic product at market prices - Romania - Domestic (home or reference area), Total economy, Euro, Chain linked volume (rebased), Non transformed data, Calendar and seasonally adjusted data",4D0,,,2,,,C,2015,,,,S,"Gross domestic product at market prices, volume",,6,
MNA.Q.Y.RO.W2.S1.S1.B.B1GQ._Z._Z._Z.EUR.LR.N,Q,Y,RO,W2,S1,S1,B,B1GQ,_Z,_Z,_Z,EUR,LR,N,2006-Q2,38027.6956782341,A,F,,,,P3M,"Gross domestic product at market prices - Romania - Domestic (home or reference area), Total economy, Euro, Chain linked volume (rebased), Non transformed data, Calendar and seasonally adjusted data",4D0,,,2,,,C,2015,,,,S,"Gross domestic product at market prices, volume",,6,
MNA.Q.Y.RO.W2.S1.S1.B.B1GQ._Z._Z._Z.EUR.LR.N,Q,Y,RO,W2,S1,S1,B,B1GQ,_Z,_Z,_Z,EUR,LR,N,2006-Q3,38871.5044540438,A,F,,,,P3M,"Gross domestic product at market prices - Romania - Domestic (home or reference area), Total economy, Euro, Chain linked volume (rebased), Non transformed data, Calendar and seasonally adjusted data",4D0,,,2,,,C,2015,,,,S,"Gross domestic product at market prices, volume",,6,
MNA.Q.Y.RO.W2.S1.S1.B.B1GQ._Z._Z._Z.EUR.LR.N,Q,Y,RO,W2,S1,S1,B,B1GQ,_Z,_Z,_Z,EUR,LR,N,2006-Q4,38872.6205485398,A,F,,,,P3M,"Gross domestic product at market prices - Romania - Domestic (home or reference area), Total economy, Euro, Chain linked volume (rebased), Non transformed data, Calendar and seasonally adjusted data",4D0,,,2,,,C,2015,,,,S,"Gross domestic product at market prices, volume",,6,
MNA.Q.Y.RO.W2.S1.S1.B.B1GQ._Z._Z._Z.EUR.LR.N,Q,Y,RO,W2,S1,S1,B,B1GQ,_Z,_Z,_Z,EUR,LR,N,2007-Q1,40066.614306678,A,F,,,,P3M,"Gross domestic product at market prices - Romania - Domestic (home or reference area), Total economy, Euro, Chain linked volume (rebased), Non transformed data, Calendar and seasonally adjusted data",4D0,,,2,,,C,2015,,,,S,"Gross domestic product at market prices, volume",,6,
MNA.Q.Y.RO.W2.S1.S1.B.B1GQ._Z._Z._Z.EUR.LR.N,Q,Y,RO,W2,S1,S1,B,B1GQ,_Z,_Z,_Z,EUR,LR,N,2007-Q2,40638.5300622119,A,F,,,,P3M,"Gross domestic product at market prices - Romania - Domestic (home or reference area), Total economy, Euro, Chain linked volume (rebased), Non transformed data, Calendar and seasonally adjusted data",4D0,,,2,,,C,2015,,,,S,"Gross domestic product at market prices, volume",,6,
MNA.Q.Y.RO.W2.S1.S1.B.B1GQ._Z._Z._Z.EUR.LR.N,Q,Y,RO,W2,S1,S1,B,B1GQ,_Z,_Z,_Z,EUR,LR,N,2007-Q3,41039.2493231094,A,F,,,,P3M,"Gross domestic product at market prices - Romania - Domestic (home or reference area), Total economy, Euro, Chain linked volume (rebased), Non transformed data, Calendar and seasonally adjusted data",4D0,,,2,,,C,2015,,,,S,"Gross domestic product at market prices, volume",,6,
MNA.Q.Y.RO.W2.S1.S1.B.B1GQ._Z._Z._Z.EUR.LR.N,Q,Y,RO,W2,S1,S1,B,B1GQ,_Z,_Z,_Z,EUR,LR,N,2007-Q4,42565.8185726392,A,F,,,,P3M,"Gross domestic product at market prices - Romania - Domestic (home or reference area), Total economy, Euro, Chain linked volume (rebased), Non transformed data, Calendar and seasonally adjusted data",4D0,,,2,,,C,2015,,,,S,"Gross domestic product at market prices, volume",,6,
MNA.Q.Y.RO.W2.S1.S1.B.B1GQ._Z._Z._Z.EUR.LR.N,Q,Y,RO,W2,S1,S1,B,B1GQ,_Z,_Z,_Z,EUR,LR,N,2008-Q1,43081.2682140421,A,F,,,,P3M,"Gross domestic product at market prices - Romania - Domestic (home or reference area), Total economy, Euro, Chain linked volume (rebased), Non transformed data, Calendar and seasonally adjusted data",4D0,,,2,,,C,2015,,,,S,"Gross domestic product at market prices, volume",,6,
MNA.Q.Y.RO.W2.S1.S1.B.B1GQ._Z._Z._Z.EUR.LR.N,Q,Y,RO,W2,S1,S1,B,B1GQ,_Z,_Z,_Z,EUR,LR,N,2008-Q2,44782.8782836947,A,F,,,,P3M,"Gross domestic product at market prices - Romania - Domestic (home or reference area), Total economy, Euro, Chain linked volume (rebased), Non transformed data, Calendar and seasonally adjusted data",4D0,,,2,,,C,2015,,,,S,"Gross domestic product at market prices, volume",,6,
MNA.Q.Y.RO.W2.S1.S1.B.B1GQ._Z._Z._Z.EUR.LR.N,Q,Y,RO,W2,S1,S1,B,B1GQ,_Z,_Z,_Z,EUR,LR,N,2008-Q3,45820.8254965587,A,F,,,,P3M,"Gross domestic product at market prices - Romania - Domestic (home or reference area), Total economy, Euro, Chain linked volume (rebased), Non transformed data, Calendar and seasonally adjusted data",4D0,,,2,,,C,2015,,,,S,"Gross domestic product at market prices, volume",,6,
MNA.Q.Y.RO.W2.S1.S1.B.B1GQ._Z._Z._Z.EUR.LR.N,Q,Y,RO,W2,S1,S1,B,B1GQ,_Z,_Z,_Z,EUR,LR,N,2008-Q4,45918.3597544592,A,F,,,,P3M,"Gross domestic product at market prices - Romania - Domestic (home or reference area), Total economy, Euro, Chain linked volume (rebased), Non transformed data, Calendar and seasonally adjusted data",4D0,,,2,,,C,2015,,,,S,"Gross domestic product at market prices, volume",,6,
MNA.Q.Y.RO.W2.S1.S1.B.B1GQ._Z._Z._Z.EUR.LR.N,Q,Y,RO,W2,S1,S1,B,B1GQ,_Z,_Z,_Z,EUR,LR,N,2009-Q1,41469.2143934853,A,F,,,,P3M,"Gross domestic product at market prices - Romania - Domestic (home or reference area), Total economy, Euro, Chain linked volume (rebased), Non transformed data, Calendar and seasonally adjusted data",4D0,,,2,,,C,2015,,,,S,"Gross domestic product at market prices, volume",,6,
MNA.Q.Y.RO.W2.S1.S1.B.B1GQ._Z._Z._Z.EUR.LR.N,Q,Y,RO,W2,S1,S1,B,B1GQ,_Z,_Z,_Z,EUR,LR,N,2009-Q2,41748.1760122357,A,F,,,,P3M,"Gross domestic product at market prices - Romania - Domestic (home or reference area), Total economy, Euro, Chain linked volume (rebased), Non transformed data, Calendar and seasonally adjusted data",4D0,,,2,,,C,2015,,,,S,"Gross domestic product at market prices, volume",,6,
MNA.Q.Y.RO.W2.S1.S1.B.B1GQ._Z._Z._Z.EUR.LR.N,Q,Y,RO,W2,S1,S1,B,B1GQ,_Z,_Z,_Z,EUR,LR,N,2009-Q3,43043.2796643449,A,F,,,,P3M,"Gross domestic product at market prices - Romania - Domestic (home or reference area), Total economy, Euro, Chain linked volume (rebased), Non transformed data, Calendar and seasonally adjusted data",4D0,,,2,,,C,2015,,,,S,"Gross domestic product at market prices, volume",,6,
MNA.Q.Y.RO.W2.S1.S1.B.B1GQ._Z._Z._Z.EUR.LR.N,Q,Y,RO,W2,S1,S1,B,B1GQ,_Z,_Z,_Z,EUR,LR,N,2009-Q4,43434.4501167765,A,F,,,,P3M,"Gross domestic product at market prices - Romania - Domestic (home or reference area), Total economy, Euro, Chain linked volume (rebased), Non transformed data, Calendar and seasonally adjusted data",4D0,,,2,,,C,2015,,,,S,"Gross domestic product at market prices, volume",,6,
MNA.Q.Y.RO.W2.S1.S1.B.B1GQ._Z._Z._Z.EUR.LR.N,Q,Y,RO,W2,S1,S1,B,B1GQ,_Z,_Z,_Z,EUR,LR,N,2010-Q1,41090.5276646756,A,F,,,,P3M,"Gross domestic product at market prices - Romania - Domestic (home or reference area), Total economy, Euro, Chain linked volume (rebased), Non transformed data, Calendar and seasonally adjusted data",4D0,,,2,,,C,2015,,,,S,"Gross domestic product at market prices, volume",,6,
MNA.Q.Y.RO.W2.S1.S1.B.B1GQ._Z._Z._Z.EUR.LR.N,Q,Y,RO,W2,S1,S1,B,B1GQ,_Z,_Z,_Z,EUR,LR,N,2010-Q2,41488.0639894178,A,F,,,,P3M,"Gross domestic product at market prices - Romania - Domestic (home or reference area), Total economy, Euro, Chain linked volume (rebased), Non transformed data, Calendar and seasonally adjusted data",4D0,,,2,,,C,2015,,,,S,"Gross domestic product at market prices, volume",,6,
MNA.Q.Y.RO.W2.S1.S1.B.B1GQ._Z._Z._Z.EUR.LR.N,Q,Y,RO,W2,S1,S1,B,B1GQ,_Z,_Z,_Z,EUR,LR,N,2010-Q3,39673.9970650848,A,F,,,,P3M,"Gross domestic product at market prices - Romania - Domestic (home or reference area), Total economy, Euro, Chain linked volume (rebased), Non transformed data, Calendar and seasonally adjusted data",4D0,,,2,,,C,2015,,,,S,"Gross domestic product at market prices, volume",,6,
MNA.Q.Y.RO.W2.S1.S1.B.B1GQ._Z._Z._Z.EUR.LR.N,Q,Y,RO,W2,S1,S1,B,B1GQ,_Z,_Z,_Z,EUR,LR,N,2010-Q4,40814.6043031643,A,F,,,,P3M,"Gross domestic product at market prices - Romania - Domestic (home or reference area), Total economy, Euro, Chain linked volume (rebased), Non transformed data, Calendar and seasonally adjusted data",4D0,,,2,,,C,2015,,,,S,"Gross domestic product at market prices, volume",,6,
MNA.Q.Y.RO.W2.S1.S1.B.B1GQ._Z._Z._Z.EUR.LR.N,Q,Y,RO,W2,S1,S1,B,B1GQ,_Z,_Z,_Z,EUR,LR,N,2011-Q1,42129.8596614513,A,F,,,,P3M,"Gross domestic product at market prices - Romania - Domestic (home or reference area), Total economy, Euro, Chain linked volume (rebased), Non transformed data, Calendar and seasonally adjusted data",4D0,,,2,,,C,2015,,,,S,"Gross domestic product at market prices, volume",,6,
MNA.Q.Y.RO.W2.S1.S1.B.B1GQ._Z._Z._Z.EUR.LR.N,Q,Y,RO,W2,S1,S1,B,B1GQ,_Z,_Z,_Z,EUR,LR,N,2011-Q2,42829.0101895294,A,F,,,,P3M,"Gross domestic product at market prices - Romania - Domestic (home or reference area), Total economy, Euro, Chain linked volume (rebased), Non transformed data, Calendar and seasonally adjusted data",4D0,,,2,,,C,2015,,,,S,"Gross domestic product at market prices, volume",,6,
MNA.Q.Y.RO.W2.S1.S1.B.B1GQ._Z._Z._Z.EUR.LR.N,Q,Y,RO,W2,S1,S1,B,B1GQ,_Z,_Z,_Z,EUR,LR,N,2011-Q3,43707.3352210487,A,F,,,,P3M,"Gross domestic product at market prices - Romania - Domestic (home or reference area), Total economy, Euro, Chain linked volume (rebased), Non transformed data, Calendar and seasonally adjusted data",4D0,,,2,,,C,2015,,,,S,"Gross domestic product at market prices, volume",,6,
MNA.Q.Y.RO.W2.S1.S1.B.B1GQ._Z._Z._Z.EUR.LR.N,Q,Y,RO,W2,S1,S1,B,B1GQ,_Z,_Z,_Z,EUR,LR,N,2011-Q4,41731.8066262944,A,F,,,,P3M,"Gross domestic product at market prices - Romania - Domestic (home or reference area), Total economy, Euro, Chain linked volume (rebased), Non transformed data, Calendar and seasonally adjusted data",4D0,,,2,,,C,2015,,,,S,"Gross domestic product at market prices, volume",,6,
MNA.Q.Y.RO.W2.S1.S1.B.B1GQ._Z._Z._Z.EUR.LR.N,Q,Y,RO,W2,S1,S1,B,B1GQ,_Z,_Z,_Z,EUR,LR,N,2012-Q1,44024.7607630779,A,F,,,,P3M,"Gross domestic product at market prices - Romania - Domestic (home or reference area), Total economy, Euro, Chain linked volume (rebased), Non transformed data, Calendar and seasonally adjusted data",4D0,,,2,,,C,2015,,,,S,"Gross domestic product at market prices, volume",,6,
MNA.Q.Y.RO.W2.S1.S1.B.B1GQ._Z._Z._Z.EUR.LR.N,Q,Y,RO,W2,S1,S1,B,B1GQ,_Z,_Z,_Z,EUR,LR,N,2012-Q2,44044.2304115082,A,F,,,,P3M,"Gross domestic product at market prices - Romania - Domestic (home or reference area), Total economy, Euro, Chain linked volume (rebased), Non transformed data, Calendar and seasonally adjusted data",4D0,,,2,,,C,2015,,,,S,"Gross domestic product at market prices, volume",,6,
MNA.Q.Y.RO.W2.S1.S1.B.B1GQ._Z._Z._Z.EUR.LR.N,Q,Y,RO,W2,S1,S1,B,B1GQ,_Z,_Z,_Z,EUR,LR,N,2012-Q3,42990.9265651158,A,F,,,,P3M,"Gross domestic product at market prices - Romania - Domestic (home or reference area), Total economy, Euro, Chain linked volume (rebased), Non transformed data, Calendar and seasonally adjusted data",4D0,,,2,,,C,2015,,,,S,"Gross domestic product at market prices, volume",,6,
MNA.Q.Y.RO.W2.S1.S1.B.B1GQ._Z._Z._Z.EUR.LR.N,Q,Y,RO,W2,S1,S1,B,B1GQ,_Z,_Z,_Z,EUR,LR,N,2012-Q4,42581.857263915,A,F,,,,P3M,"Gross domestic product at market prices - Romania - Domestic (home or reference area), Total economy, Euro, Chain linked volume (rebased), Non transformed data, Calendar and seasonally adjusted data",4D0,,,2,,,C,2015,,,,S,"Gross domestic product at market prices, volume",,6,
MNA.Q.Y.RO.W2.S1.S1.B.B1GQ._Z._Z._Z.EUR.LR.N,Q,Y,RO,W2,S1,S1,B,B1GQ,_Z,_Z,_Z,EUR,LR,N,2013-Q1,42639.3567988756,A,F,,,,P3M,"Gross domestic product at market prices - Romania - Domestic (home or reference area), Total economy, Euro, Chain linked volume (rebased), Non transformed data, Calendar and seasonally adjusted data",4D0,,,2,,,C,2015,,,,S,"Gross domestic product at market prices, volume",,6,
MNA.Q.Y.RO.W2.S1.S1.B.B1GQ._Z._Z._Z.EUR.LR.N,Q,Y,RO,W2,S1,S1,B,B1GQ,_Z,_Z,_Z,EUR,LR,N,2013-Q2,43368.3111836802,A,F,,,,P3M,"Gross domestic product at market prices - Romania - Domestic (home or reference area), Total economy, Euro, Chain linked volume (rebased), Non transformed data, Calendar and seasonally adjusted data",4D0,,,2,,,C,2015,,,,S,"Gross domestic product at market prices, volume",,6,
MNA.Q.Y.RO.W2.S1.S1.B.B1GQ._Z._Z._Z.EUR.LR.N,Q,Y,RO,W2,S1,S1,B,B1GQ,_Z,_Z,_Z,EUR,LR,N,2013-Q3,43842.7340181469,A,F,,,,P3M,"Gross domestic product at market prices - Romania - Domestic (home or reference area), Total economy, Euro, Chain linked volume (rebased), Non transformed data, Calendar and seasonally adjusted data",4D0,,,2,,,C,2015,,,,S,"Gross domestic product at market prices, volume",,6,
MNA.Q.Y.RO.W2.S1.S1.B.B1GQ._Z._Z._Z.EUR.LR.N,Q,Y,RO,W2,S1,S1,B,B1GQ,_Z,_Z,_Z,EUR,LR,N,2013-Q4,44275.4066510965,A,F,,,,P3M,"Gross domestic product at market prices - Romania - Domestic (home or reference area), Total economy, Euro, Chain linked volume (rebased), Non transformed data, Calendar and seasonally adjusted data",4D0,,,2,,,C,2015,,,,S,"Gross domestic product at market prices, volume",,6,
MNA.Q.Y.RO.W2.S1.S1.B.B1GQ._Z._Z._Z.EUR.LR.N,Q,Y,RO,W2,S1,S1,B,B1GQ,_Z,_Z,_Z,EUR,LR,N,2014-Q1,44759.0475993634,A,F,,,,P3M,"Gross domestic product at market prices - Romania - Domestic (home or reference area), Total economy, Euro, Chain linked volume (rebased), Non transformed data, Calendar and seasonally adjusted data",4D0,,,2,,,C,2015,,,,S,"Gross domestic product at market prices, volume",,6,
MNA.Q.Y.RO.W2.S1.S1.B.B1GQ._Z._Z._Z.EUR.LR.N,Q,Y,RO,W2,S1,S1,B,B1GQ,_Z,_Z,_Z,EUR,LR,N,2014-Q2,44901.9283632681,A,F,,,,P3M,"Gross domestic product at market prices - Romania - Domestic (home or reference area), Total economy, Euro, Chain linked volume (rebased), Non transformed data, Calendar and seasonally adjusted data",4D0,,,2,,,C,2015,,,,S,"Gross domestic product at market prices, volume",,6,
MNA.Q.Y.RO.W2.S1.S1.B.B1GQ._Z._Z._Z.EUR.LR.N,Q,Y,RO,W2,S1,S1,B,B1GQ,_Z,_Z,_Z,EUR,LR,N,2014-Q3,45799.5370274683,A,F,,,,P3M,"Gross domestic product at market prices - Romania - Domestic (home or reference area), Total economy, Euro, Chain linked volume (rebased), Non transformed data, Calendar and seasonally adjusted data",4D0,,,2,,,C,2015,,,,S,"Gross domestic product at market prices, volume",,6,
MNA.Q.Y.RO.W2.S1.S1.B.B1GQ._Z._Z._Z.EUR.LR.N,Q,Y,RO,W2,S1,S1,B,B1GQ,_Z,_Z,_Z,EUR,LR,N,2014-Q4,45832.275799351,A,F,,,,P3M,"Gross domestic product at market prices - Romania - Domestic (home or reference area), Total economy, Euro, Chain linked volume (rebased), Non transformed data, Calendar and seasonally adjusted data",4D0,,,2,,,C,2015,,,,S,"Gross domestic product at market prices, volume",,6,
MNA.Q.Y.RO.W2.S1.S1.B.B1GQ._Z._Z._Z.EUR.LR.N,Q,Y,RO,W2,S1,S1,B,B1GQ,_Z,_Z,_Z,EUR,LR,N,2015-Q1,46388.7935845235,A,F,,,,P3M,"Gross domestic product at market prices - Romania - Domestic (home or reference area), Total economy, Euro, Chain linked volume (rebased), Non transformed data, Calendar and seasonally adjusted data",4D0,,,2,,,C,2015,,,,S,"Gross domestic product at market prices, volume",,6,
MNA.Q.Y.RO.W2.S1.S1.B.B1GQ._Z._Z._Z.EUR.LR.N,Q,Y,RO,W2,S1,S1,B,B1GQ,_Z,_Z,_Z,EUR,LR,N,2015-Q2,46929.8720625013,A,F,,,,P3M,"Gross domestic product at market prices - Romania - Domestic (home or reference area), Total economy, Euro, Chain linked volume (rebased), Non transformed data, Calendar and seasonally adjusted data",4D0,,,2,,,C,2015,,,,S,"Gross domestic product at market prices, volume",,6,
MNA.Q.Y.RO.W2.S1.S1.B.B1GQ._Z._Z._Z.EUR.LR.N,Q,Y,RO,W2,S1,S1,B,B1GQ,_Z,_Z,_Z,EUR,LR,N,2015-Q3,46904.9459520906,A,F,,,,P3M,"Gross domestic product at market prices - Romania - Domestic (home or reference area), Total economy, Euro, Chain linked volume (rebased), Non transformed data, Calendar and seasonally adjusted data",4D0,,,2,,,C,2015,,,,S,"Gross domestic product at market prices, volume",,6,
MNA.Q.Y.RO.W2.S1.S1.B.B1GQ._Z._Z._Z.EUR.LR.N,Q,Y,RO,W2,S1,S1,B,B1GQ,_Z,_Z,_Z,EUR,LR,N,2015-Q4,46792.6751131596,A,F,,,,P3M,"Gross domestic product at market prices - Romania - Domestic (home or reference area), Total economy, Euro, Chain linked volume (rebased), Non transformed data, Calendar and seasonally adjusted data",4D0,,,2,,,C,2015,,,,S,"Gross domestic product at market prices, volume",,6,
MNA.Q.Y.RO.W2.S1.S1.B.B1GQ._Z._Z._Z.EUR.LR.N,Q,Y,RO,W2,S1,S1,B,B1GQ,_Z,_Z,_Z,EUR,LR,N,2016-Q1,48009.7554926317,A,F,,,,P3M,"Gross domestic product at market prices - Romania - Domestic (home or reference area), Total economy, Euro, Chain linked volume (rebased), Non transformed data, Calendar and seasonally adjusted data",4D0,,,2,,,C,2015,,,,S,"Gross domestic product at market prices, volume",,6,
MNA.Q.Y.RO.W2.S1.S1.B.B1GQ._Z._Z._Z.EUR.LR.N,Q,Y,RO,W2,S1,S1,B,B1GQ,_Z,_Z,_Z,EUR,LR,N,2016-Q2,47972.4696690987,A,F,,,,P3M,"Gross domestic product at market prices - Romania - Domestic (home or reference area), Total economy, Euro, Chain linked volume (rebased), Non transformed data, Calendar and seasonally adjusted data",4D0,,,2,,,C,2015,,,,S,"Gross domestic product at market prices, volume",,6,
MNA.Q.Y.RO.W2.S1.S1.B.B1GQ._Z._Z._Z.EUR.LR.N,Q,Y,RO,W2,S1,S1,B,B1GQ,_Z,_Z,_Z,EUR,LR,N,2016-Q3,48147.1384577228,A,F,,,,P3M,"Gross domestic product at market prices - Romania - Domestic (home or reference area), Total economy, Euro, Chain linked volume (rebased), Non transformed data, Calendar and seasonally adjusted data",4D0,,,2,,,C,2015,,,,S,"Gross domestic product at market prices, volume",,6,
MNA.Q.Y.RO.W2.S1.S1.B.B1GQ._Z._Z._Z.EUR.LR.N,Q,Y,RO,W2,S1,S1,B,B1GQ,_Z,_Z,_Z,EUR,LR,N,2016-Q4,48235.4752702395,A,F,,,,P3M,"Gross domestic product at market prices - Romania - Domestic (home or reference area), Total economy, Euro, Chain linked volume (rebased), Non transformed data, Calendar and seasonally adjusted data",4D0,,,2,,,C,2015,,,,S,"Gross domestic product at market prices, volume",,6,
MNA.Q.Y.RO.W2.S1.S1.B.B1GQ._Z._Z._Z.EUR.LR.N,Q,Y,RO,W2,S1,S1,B,B1GQ,_Z,_Z,_Z,EUR,LR,N,2017-Q1,50533.5551743381,A,F,,,,P3M,"Gross domestic product at market prices - Romania - Domestic (home or reference area), Total economy, Euro, Chain linked volume (rebased), Non transformed data, Calendar and seasonally adjusted data",4D0,,,2,,,C,2015,,,,S,"Gross domestic product at market prices, volume",,6,
MNA.Q.Y.RO.W2.S1.S1.B.B1GQ._Z._Z._Z.EUR.LR.N,Q,Y,RO,W2,S1,S1,B,B1GQ,_Z,_Z,_Z,EUR,LR,N,2017-Q2,52039.3113283591,A,F,,,,P3M,"Gross domestic product at market prices - Romania - Domestic (home or reference area), Total economy, Euro, Chain linked volume (rebased), Non transformed data, Calendar and seasonally adjusted data",4D0,,,2,,,C,2015,,,,S,"Gross domestic product at market prices, volume",,6,
MNA.Q.Y.RO.W2.S1.S1.B.B1GQ._Z._Z._Z.EUR.LR.N,Q,Y,RO,W2,S1,S1,B,B1GQ,_Z,_Z,_Z,EUR,LR,N,2017-Q3,52817.0638447388,A,F,,,,P3M,"Gross domestic product at market prices - Romania - Domestic (home or reference area), Total economy, Euro, Chain linked volume (rebased), Non transformed data, Calendar and seasonally adjusted data",4D0,,,2,,,C,2015,,,,S,"Gross domestic product at market prices, volume",,6,
MNA.Q.Y.RO.W2.S1.S1.B.B1GQ._Z._Z._Z.EUR.LR.N,Q,Y,RO,W2,S1,S1,B,B1GQ,_Z,_Z,_Z,EUR,LR,N,2017-Q4,52740.1153297646,A,F,,,,P3M,"Gross domestic product at market prices - Romania - Domestic (home or reference area), Total economy, Euro, Chain linked volume (rebased), Non transformed data, Calendar and seasonally adjusted data",4D0,,,2,,,C,2015,,,,S,"Gross domestic product at market prices, volume",,6,
MNA.Q.Y.RO.W2.S1.S1.B.B1GQ._Z._Z._Z.EUR.LR.N,Q,Y,RO,W2,S1,S1,B,B1GQ,_Z,_Z,_Z,EUR,LR,N,2018-Q1,53443.6062253271,A,F,,,,P3M,"Gross domestic product at market prices - Romania - Domestic (home or reference area), Total economy, Euro, Chain linked volume (rebased), Non transformed data, Calendar and seasonally adjusted data",4D0,,,2,,,C,2015,,,,S,"Gross domestic product at market prices, volume",,6,
MNA.Q.Y.RO.W2.S1.S1.B.B1GQ._Z._Z._Z.EUR.LR.N,Q,Y,RO,W2,S1,S1,B,B1GQ,_Z,_Z,_Z,EUR,LR,N,2018-Q2,54528.5534175227,A,F,,,,P3M,"Gross domestic product at market prices - Romania - Domestic (home or reference area), Total economy, Euro, Chain linked volume (rebased), Non transformed data, Calendar and seasonally adjusted data",4D0,,,2,,,C,2015,,,,S,"Gross domestic product at market prices, volume",,6,
MNA.Q.Y.RO.W2.S1.S1.B.B1GQ._Z._Z._Z.EUR.LR.N,Q,Y,RO,W2,S1,S1,B,B1GQ,_Z,_Z,_Z,EUR,LR,N,2018-Q3,55880.7018994275,A,F,,,,P3M,"Gross domestic product at market prices - Romania - Domestic (home or reference area), Total economy, Euro, Chain linked volume (rebased), Non transformed data, Calendar and seasonally adjusted data",4D0,,,2,,,C,2015,,,,S,"Gross domestic product at market prices, volume",,6,
MNA.Q.Y.RO.W2.S1.S1.B.B1GQ._Z._Z._Z.EUR.LR.N,Q,Y,RO,W2,S1,S1,B,B1GQ,_Z,_Z,_Z,EUR,LR,N,2018-Q4,55504.8260752744,A,F,,,,P3M,"Gross domestic product at market prices - Romania - Domestic (home or reference area), Total economy, Euro, Chain linked volume (rebased), Non transformed data, Calendar and seasonally adjusted data",4D0,,,2,,,C,2015,,,,S,"Gross domestic product at market prices, volume",,6,
MNA.Q.Y.RO.W2.S1.S1.B.B1GQ._Z._Z._Z.EUR.LR.N,Q,Y,RO,W2,S1,S1,B,B1GQ,_Z,_Z,_Z,EUR,LR,N,2019-Q1,55642.5397350309,A,F,,,,P3M,"Gross domestic product at market prices - Romania - Domestic (home or reference area), Total economy, Euro, Chain linked volume (rebased), Non transformed data, Calendar and seasonally adjusted data",4D0,,,2,,,C,2015,,,,S,"Gross domestic product at market prices, volume",,6,
MNA.Q.Y.RO.W2.S1.S1.B.B1GQ._Z._Z._Z.EUR.LR.N,Q,Y,RO,W2,S1,S1,B,B1GQ,_Z,_Z,_Z,EUR,LR,N,2019-Q2,56969.5554223591,A,F,,,,P3M,"Gross domestic product at market prices - Romania - Domestic (home or reference area), Total economy, Euro, Chain linked volume (rebased), Non transformed data, Calendar and seasonally adjusted data",4D0,,,2,,,C,2015,,,,S,"Gross domestic product at market prices, volume",,6,
MNA.Q.Y.RO.W2.S1.S1.B.B1GQ._Z._Z._Z.EUR.LR.N,Q,Y,RO,W2,S1,S1,B,B1GQ,_Z,_Z,_Z,EUR,LR,N,2019-Q3,57198.8508360374,A,F,,,,P3M,"Gross domestic product at market prices - Romania - Domestic (home or reference area), Total economy, Euro, Chain linked volume (rebased), Non transformed data, Calendar and seasonally adjusted data",4D0,,,2,,,C,2015,,,,S,"Gross domestic product at market prices, volume",,6,
MNA.Q.Y.RO.W2.S1.S1.B.B1GQ._Z._Z._Z.EUR.LR.N,Q,Y,RO,W2,S1,S1,B,B1GQ,_Z,_Z,_Z,EUR,LR,N,2019-Q4,58233.9251389951,A,F,,,,P3M,"Gross domestic product at market prices - Romania - Domestic (home or reference area), Total economy, Euro, Chain linked volume (rebased), Non transformed data, Calendar and seasonally adjusted data",4D0,,,2,,,C,2015,,,,S,"Gross domestic product at market prices, volume",,6,
MNA.Q.Y.RO.W2.S1.S1.B.B1GQ._Z._Z._Z.EUR.LR.N,Q,Y,RO,W2,S1,S1,B,B1GQ,_Z,_Z,_Z,EUR,LR,N,2020-Q1,56825.579232375,A,F,,,,P3M,"Gross domestic product at market prices - Romania - Domestic (home or reference area), Total economy, Euro, Chain linked volume (rebased), Non transformed data, Calendar and seasonally adjusted data",4D0,,,2,,,C,2015,,,,S,"Gross domestic product at market prices, volume",,6,
MNA.Q.Y.RO.W2.S1.S1.B.B1GQ._Z._Z._Z.EUR.LR.N,Q,Y,RO,W2,S1,S1,B,B1GQ,_Z,_Z,_Z,EUR,LR,N,2020-Q2,52139.6358224996,A,F,,,,P3M,"Gross domestic product at market prices - Romania - Domestic (home or reference area), Total economy, Euro, Chain linked volume (rebased), Non transformed data, Calendar and seasonally adjusted data",4D0,,,2,,,C,2015,,,,S,"Gross domestic product at market prices, volume",,6,
MNA.Q.Y.RO.W2.S1.S1.B.B1GQ._Z._Z._Z.EUR.LR.N,Q,Y,RO,W2,S1,S1,B,B1GQ,_Z,_Z,_Z,EUR,LR,N,2020-Q3,54100.8825413885,A,F,,,,P3M,"Gross domestic product at market prices - Romania - Domestic (home or reference area), Total economy, Euro, Chain linked volume (rebased), Non transformed data, Calendar and seasonally adjusted data",4D0,,,2,,,C,2015,,,,S,"Gross domestic product at market prices, volume",,6,
MNA.Q.Y.RO.W2.S1.S1.B.B1GQ._Z._Z._Z.EUR.LR.N,Q,Y,RO,W2,S1,S1,B,B1GQ,_Z,_Z,_Z,EUR,LR,N,2020-Q4,56773.6601698944,A,F,,,,P3M,"Gross domestic product at market prices - Romania - Domestic (home or reference area), Total economy, Euro, Chain linked volume (rebased), Non transformed data, Calendar and seasonally adjusted data",4D0,,,2,,,C,2015,,,,S,"Gross domestic product at market prices, volume",,6,
MNA.Q.Y.RO.W2.S1.S1.B.B1GQ._Z._Z._Z.EUR.LR.N,Q,Y,RO,W2,S1,S1,B,B1GQ,_Z,_Z,_Z,EUR,LR,N,2021-Q1,57538.9702994854,A,F,,,,P3M,"Gross domestic product at market prices - Romania - Domestic (home or reference area), Total economy, Euro, Chain linked volume (rebased), Non transformed data, Calendar and seasonally adjusted data",4D0,,,2,,,C,2015,,,,S,"Gross domestic product at market prices, volume",,6,
MNA.Q.Y.RO.W2.S1.S1.B.B1GQ._Z._Z._Z.EUR.LR.N,Q,Y,RO,W2,S1,S1,B,B1GQ,_Z,_Z,_Z,EUR,LR,N,2021-Q2,58123.4731207242,A,F,,,,P3M,"Gross domestic product at market prices - Romania - Domestic (home or reference area), Total economy, Euro, Chain linked volume (rebased), Non transformed data, Calendar and seasonally adjusted data",4D0,,,2,,,C,2015,,,,S,"Gross domestic product at market prices, volume",,6,
MNA.Q.Y.RO.W2.S1.S1.B.B1GQ._Z._Z._Z.EUR.LR.N,Q,Y,RO,W2,S1,S1,B,B1GQ,_Z,_Z,_Z,EUR,LR,N,2021-Q3,58247.731641279,A,F,,,,P3M,"Gross domestic product at market prices - Romania - Domestic (home or reference area), Total economy, Euro, Chain linked volume (rebased), Non transformed data, Calendar and seasonally adjusted data",4D0,,,2,,,C,2015,,,,S,"Gross domestic product at market prices, volume",,6,
MNA.Q.Y.RO.W2.S1.S1.B.B1GQ._Z._Z._Z.EUR.LR.N,Q,Y,RO,W2,S1,S1,B,B1GQ,_Z,_Z,_Z,EUR,LR,N,2021-Q4,58212.8020172375,A,F,,,,P3M,"Gross domestic product at market prices - Romania - Domestic (home or reference area), Total economy, Euro, Chain linked volume (rebased), Non transformed data, Calendar and seasonally adjusted data",4D0,,,2,,,C,2015,,,,S,"Gross domestic product at market prices, volume",,6,
MNA.Q.Y.RO.W2.S1.S1.B.B1GQ._Z._Z._Z.EUR.LR.N,Q,Y,RO,W2,S1,S1,B,B1GQ,_Z,_Z,_Z,EUR,LR,N,2022-Q1,60083.8310976996,A,F,,,,P3M,"Gross domestic product at market prices - Romania - Domestic (home or reference area), Total economy, Euro, Chain linked volume (rebased), Non transformed data, Calendar and seasonally adjusted data",4D0,,,2,,,C,2015,,,,S,"Gross domestic product at market prices, volume",,6,
MNA.Q.Y.RO.W2.S1.S1.B.B1GQ._Z._Z._Z.EUR.LR.N,Q,Y,RO,W2,S1,S1,B,B1GQ,_Z,_Z,_Z,EUR,LR,N,2022-Q2,60189.7360643201,A,F,,,,P3M,"Gross domestic product at market prices - Romania - Domestic (home or reference area), Total economy, Euro, Chain linked volume (rebased), Non transformed data, Calendar and seasonally adjusted data",4D0,,,2,,,C,2015,,,,S,"Gross domestic product at market prices, volume",,6,
MNA.Q.Y.RO.W2.S1.S1.B.B1GQ._Z._Z._Z.EUR.LR.N,Q,Y,RO,W2,S1,S1,B,B1GQ,_Z,_Z,_Z,EUR,LR,N,2022-Q3,60435.7728954385,A,F,,,,P3M,"Gross domestic product at market prices - Romania - Domestic (home or reference area), Total economy, Euro, Chain linked volume (rebased), Non transformed data, Calendar and seasonally adjusted data",4D0,,,2,,,C,2015,,,,S,"Gross domestic product at market prices, volume",,6,
MNA.Q.Y.RO.W2.S1.S1.B.B1GQ._Z._Z._Z.EUR.LR.N,Q,Y,RO,W2,S1,S1,B,B1GQ,_Z,_Z,_Z,EUR,LR,N,2022-Q4,61134.2620341856,A,F,,,,P3M,"Gross domestic product at market prices - Romania - Domestic (home or reference area), Total economy, Euro, Chain linked volume (rebased), Non transformed data, Calendar and seasonally adjusted data",4D0,,,2,,,C,2015,,,,S,"Gross domestic product at market prices, volume",,6,
MNA.Q.Y.RO.W2.S1.S1.B.B1GQ._Z._Z._Z.EUR.LR.N,Q,Y,RO,W2,S1,S1,B,B1GQ,_Z,_Z,_Z,EUR,LR,N,2023-Q1,61035.818365955,A,F,,,,P3M,"Gross domestic product at market prices - Romania - Domestic (home or reference area), Total economy, Euro, Chain linked volume (rebased), Non transformed data, Calendar and seasonally adjusted data",4D0,,,2,,,C,2015,,,,S,"Gross domestic product at market prices, volume",,6,
MNA.Q.Y.RO.W2.S1.S1.B.B1GQ._Z._Z._Z.EUR.LR.N,Q,Y,RO,W2,S1,S1,B,B1GQ,_Z,_Z,_Z,EUR,LR,N,2023-Q2,61634.8924208916,A,F,,,,P3M,"Gross domestic product at market prices - Romania - Domestic (home or reference area), Total economy, Euro, Chain linked volume (rebased), Non transformed data, Calendar and seasonally adjusted data",4D0,,,2,,,C,2015,,,,S,"Gross domestic product at market prices, volume",,6,
MNA.Q.Y.RO.W2.S1.S1.B.B1GQ._Z._Z._Z.EUR.LR.N,Q,Y,RO,W2,S1,S1,B,B1GQ,_Z,_Z,_Z,EUR,LR,N,2023-Q3,62179.5672033565,A,F,,,,P3M,"Gross domestic product at market prices - Romania - Domestic (home or reference area), Total economy, Euro, Chain linked volume (rebased), Non transformed data, Calendar and seasonally adjusted data",4D0,,,2,,,C,2015,,,,S,"Gross domestic product at market prices, volume",,6,
MNA.Q.Y.RO.W2.S1.S1.B.B1GQ._Z._Z._Z.EUR.LR.N,Q,Y,RO,W2,S1,S1,B,B1GQ,_Z,_Z,_Z,EUR,LR,N,2023-Q4,62453.5270652915,A,F,,,,P3M,"Gross domestic product at market prices - Romania - Domestic (home or reference area), Total economy, Euro, Chain linked volume (rebased), Non transformed data, Calendar and seasonally adjusted data",4D0,,,2,,,C,2015,,,,S,"Gross domestic product at market prices, volume",,6,
MNA.Q.Y.RO.W2.S1.S1.B.B1GQ._Z._Z._Z.EUR.LR.N,Q,Y,RO,W2,S1,S1,B,B1GQ,_Z,_Z,_Z,EUR,LR,N,2024-Q1,62298.7412934295,P,F,,,,P3M,"Gross domestic product at market prices - Romania - Domestic (home or reference area), Total economy, Euro, Chain linked volume (rebased), Non transformed data, Calendar and seasonally adjusted data",4D0,,,2,,,C,2015,,,,S,"Gross domestic product at market prices, volume",,6,
MNA.Q.Y.RO.W2.S1.S1.B.B1GQ._Z._Z._Z.EUR.LR.N,Q,Y,RO,W2,S1,S1,B,B1GQ,_Z,_Z,_Z,EUR,LR,N,2024-Q2,61971.4155798524,P,F,,,,P3M,"Gross domestic product at market prices - Romania - Domestic (home or reference area), Total economy, Euro, Chain linked volume (rebased), Non transformed data, Calendar and seasonally adjusted data",4D0,,,2,,,C,2015,,,,S,"Gross domestic product at market prices, volume",,6,
MNA.Q.Y.RO.W2.S1.S1.B.B1GQ._Z._Z._Z.EUR.LR.N,Q,Y,RO,W2,S1,S1,B,B1GQ,_Z,_Z,_Z,EUR,LR,N,2024-Q3,62357.8322964678,P,F,,,,P3M,"Gross domestic product at market prices - Romania - Domestic (home or reference area), Total economy, Euro, Chain linked volume (rebased), Non transformed data, Calendar and seasonally adjusted data",4D0,,,2,,,C,2015,,,,S,"Gross domestic product at market prices, volume",,6,
MNA.Q.Y.RO.W2.S1.S1.B.B1GQ._Z._Z._Z.EUR.LR.N,Q,Y,RO,W2,S1,S1,B,B1GQ,_Z,_Z,_Z,EUR,LR,N,2024-Q4,62941.1363495443,P,F,,,,P3M,"Gross domestic product at market prices - Romania - Domestic (home or reference area), Total economy, Euro, Chain linked volume (rebased), Non transformed data, Calendar and seasonally adjusted data",4D0,,,2,,,C,2015,,,,S,"Gross domestic product at market prices, volume",,6,
MNA.Q.Y.RO.W2.S1.S1.B.B1GQ._Z._Z._Z.EUR.LR.N,Q,Y,RO,W2,S1,S1,B,B1GQ,_Z,_Z,_Z,EUR,LR,N,2025-Q1,62716.2019717669,P,F,,,,P3M,"Gross domestic product at market prices - Romania - Domestic (home or reference area), Total economy, Euro, Chain linked volume (rebased), Non transformed data, Calendar and seasonally adjusted data",4D0,,,2,,,C,2015,,,,S,"Gross domestic product at market prices, volume",,6,
MNA.Q.Y.RO.W2.S1.S1.B.B1GQ._Z._Z._Z.EUR.LR.N,Q,Y,RO,W2,S1,S1,B,B1GQ,_Z,_Z,_Z,EUR,LR,N,2025-Q2,63253.6221400079,P,F,,,,P3M,"Gross domestic product at market prices - Romania - Domestic (home or reference area), Total economy, Euro, Chain linked volume (rebased), Non transformed data, Calendar and seasonally adjusted data",4D0,,,2,,,C,2015,,,,S,"Gross domestic product at market prices, volume",,6,
MNA.Q.Y.RO.W2.S1.S1.B.B1GQ._Z._Z._Z.EUR.LR.N,Q,Y,RO,W2,S1,S1,B,B1GQ,_Z,_Z,_Z,EUR,LR,N,2025-Q3,63246.2641837009,P,F,,,,P3M,"Gross domestic product at market prices - Romania - Domestic (home or reference area), Total economy, Euro, Chain linked volume (rebased), Non transformed data, Calendar and seasonally adjusted data",4D0,,,2,,,C,2015,,,,S,"Gross domestic product at market prices, volume",,6,
MNA.Q.Y.RO.W2.S1.S1.B.B1GQ._Z._Z._Z.EUR.LR.N,Q,Y,RO,W2,S1,S1,B,B1GQ,_Z,_Z,_Z,EUR,LR,N,2025-Q4,62044.6644482566,P,F,,,,P3M,"Gross domestic product at market prices - Romania - Domestic (home or reference area), Total economy, Euro, Chain linked volume (rebased), Non transformed data, Calendar and seasonally adjusted data",4D0,,,2,,,C,2015,,,,S,"Gross domestic product at market prices, volume",,6,
MNA.Q.Y.RO.W2.S1.S1.B.B1GQ._Z._Z._Z.EUR.LR.N,Q,Y,RO,W2,S1,S1,B,B1GQ,_Z,_Z,_Z,EUR,LR,N,2026-Q1,62005.3944567307,P,F,,,,P3M,"Gross domestic product at market prices - Romania - Domestic (home or reference area), Total economy, Euro, Chain linked volume (rebased), Non transformed data, Calendar and seasonally adjusted data",4D0,,,2,,,C,2015,,,,S,"Gross domestic product at market prices, volume",,6,
MNA.Q.Y.RO.W2.S1.S1.B.B1GQ._Z._Z._Z.EUR.LR.N,Q,Y,RO,W2,S1,S1,B,B1GQ,_Z,_Z,_Z,EUR,LR,N,2026-Q2,62005.7251513961,P,F,,,,P3M,"Gross domestic product at market prices - Romania - Domestic (home or reference area), Total economy, Euro, Chain linked volume (rebased), Non transformed data, Calendar and seasonally adjusted data",4D0,,,2,,,C,2015,,,,S,"Gross domestic product at market prices, volume",,6,
