KEY,FREQ,REF_AREA,IR_TYPE,TR_TYPE,MATURITY_CAT,BS_COUNT_SECTOR,CURRENCY_TRANS,IR_BUS_COV,IR_FV_TYPE,TIME_PERIOD,OBS_VALUE,OBS_STATUS,OBS_CONF,OBS_PRE_BREAK,OBS_COM,TIME_FORMAT,BREAKS,COLLECTION,COMPILING_ORG,DISS_ORG,DOM_SER_IDS,PUBL_ECB,PUBL_MU,PUBL_PUBLIC,COMPILATION,COVERAGE,DECIMALS,NAT_TITLE,SOURCE_AGENCY,TITLE,TITLE_COMPL,UNIT,UNIT_MULT
IRS.M.DE.L.L40.CI.0000.EUR.N.Z,M,DE,L,L40,CI,0000,EUR,N,Z,2005-04,3.48,A,F,,,P1M,,A,,,,,,,,,2,,,Long-term interest rate for convergence purposes - Euro,"Germany, Long-term interest rate for convergence purposes - Unspecified rate type, Debt security issued, 10 years maturity, New business coverage, denominated in Euro - Unspecified counterpart sector",PC,0
IRS.M.DE.L.L40.CI.0000.EUR.N.Z,M,DE,L,L40,CI,0000,EUR,N,Z,2005-05,3.3,A,F,,,P1M,,A,,,,,,,,,2,,,Long-term interest rate for convergence purposes - Euro,"Germany, Long-term interest rate for convergence purposes - Unspecified rate type, Debt security issued, 10 years maturity, New business coverage, denominated in Euro - Unspecified counterpart sector",PC,0
IRS.M.DE.L.L40.CI.0000.EUR.N.Z,M,DE,L,L40,CI,0000,EUR,N,Z,2005-06,3.13,A,F,,,P1M,,A,,,,,,,,,2,,,Long-term interest rate for convergence purposes - Euro,"Germany, Long-term interest rate for convergence purposes - Unspecified rate type, Debt security issued, 10 years maturity, New business coverage, denominated in Euro - Unspecified counterpart sector",PC,0
IRS.M.DE.L.L40.CI.0000.EUR.N.Z,M,DE,L,L40,CI,0000,EUR,N,Z,2005-07,3.2,A,F,,,P1M,,A,,,,,,,,,2,,,Long-term interest rate for convergence purposes - Euro,"Germany, Long-term interest rate for convergence purposes - Unspecified rate type, Debt security issued, 10 years maturity, New business coverage, denominated in Euro - Unspecified counterpart sector",PC,0
IRS.M.DE.L.L40.CI.0000.EUR.N.Z,M,DE,L,L40,CI,0000,EUR,N,Z,2005-08,3.23,A,F,,,P1M,,A,,,,,,,,,2,,,Long-term interest rate for convergence purposes - Euro,"Germany, Long-term interest rate for convergence purposes - Unspecified rate type, Debt security issued, 10 years maturity, New business coverage, denominated in Euro - Unspecified counterpart sector",PC,0
IRS.M.DE.L.L40.CI.0000.EUR.N.Z,M,DE,L,L40,CI,0000,EUR,N,Z,2005-09,3.07,A,F,,,P1M,,A,,,,,,,,,2,,,Long-term interest rate for convergence purposes - Euro,"Germany, Long-term interest rate for convergence purposes - Unspecified rate type, Debt security issued, 10 years maturity, New business coverage, denominated in Euro - Unspecified counterpart sector",PC,0
IRS.M.DE.L.L40.CI.0000.EUR.N.Z,M,DE,L,L40,CI,0000,EUR,N,Z,2005-10,3.24,A,F,,,P1M,,A,,,,,,,,,2,,,Long-term interest rate for convergence purposes - Euro,"Germany, Long-term interest rate for convergence purposes - Unspecified rate type, Debt security issued, 10 years maturity, New business coverage, denominated in Euro - Unspecified counterpart sector",PC,0
IRS.M.DE.L.L40.CI.0000.EUR.N.Z,M,DE,L,L40,CI,0000,EUR,N,Z,2005-11,3.45,A,F,,,P1M,,A,,,,,,,,,2,,,Long-term interest rate for convergence purposes - Euro,"Germany, Long-term interest rate for convergence purposes - Unspecified rate type, Debt security issued, 10 years maturity, New business coverage, denominated in Euro - Unspecified counterpart sector",PC,0
IRS.M.DE.L.L40.CI.0000.EUR.N.Z,M,DE,L,L40,CI,0000,EUR,N,Z,2005-12,3.34,A,F,,,P1M,,A,,,,,,,,,2,,,Long-term interest rate for convergence purposes - Euro,"Germany, Long-term interest rate for convergence purposes - Unspecified rate type, Debt security issued, 10 years maturity, New business coverage, denominated in Euro - Unspecified counterpart sector",PC,0
IRS.M.DE.L.L40.CI.0000.EUR.N.Z,M,DE,L,L40,CI,0000,EUR,N,Z,2006-01,3.32,A,F,,,P1M,,A,,,,,,,,,2,,,Long-term interest rate for convergence purposes - Euro,"Germany, Long-term interest rate for convergence purposes - Unspecified rate type, Debt security issued, 10 years maturity, New business coverage, denominated in Euro - Unspecified counterpart sector",PC,0
IRS.M.DE.L.L40.CI.0000.EUR.N.Z,M,DE,L,L40,CI,0000,EUR,N,Z,2006-02,3.47,A,F,,,P1M,,A,,,,,,,,,2,,,Long-term interest rate for convergence purposes - Euro,"Germany, Long-term interest rate for convergence purposes - Unspecified rate type, Debt security issued, 10 years maturity, New business coverage, denominated in Euro - Unspecified counterpart sector",PC,0
IRS.M.DE.L.L40.CI.0000.EUR.N.Z,M,DE,L,L40,CI,0000,EUR,N,Z,2006-03,3.64,A,F,,,P1M,,A,,,,,,,,,2,,,Long-term interest rate for convergence purposes - Euro,"Germany, Long-term interest rate for convergence purposes - Unspecified rate type, Debt security issued, 10 years maturity, New business coverage, denominated in Euro - Unspecified counterpart sector",PC,0
IRS.M.DE.L.L40.CI.0000.EUR.N.Z,M,DE,L,L40,CI,0000,EUR,N,Z,2006-04,3.89,A,F,,,P1M,,A,,,,,,,,,2,,,Long-term interest rate for convergence purposes - Euro,"Germany, Long-term interest rate for convergence purposes - Unspecified rate type, Debt security issued, 10 years maturity, New business coverage, denominated in Euro - Unspecified counterpart sector",PC,0
IRS.M.DE.L.L40.CI.0000.EUR.N.Z,M,DE,L,L40,CI,0000,EUR,N,Z,2006-05,3.96,A,F,,,P1M,,A,,,,,,,,,2,,,Long-term interest rate for convergence purposes - Euro,"Germany, Long-term interest rate for convergence purposes - Unspecified rate type, Debt security issued, 10 years maturity, New business coverage, denominated in Euro - Unspecified counterpart sector",PC,0
IRS.M.DE.L.L40.CI.0000.EUR.N.Z,M,DE,L,L40,CI,0000,EUR,N,Z,2006-06,3.96,A,F,,,P1M,,A,,,,,,,,,2,,,Long-term interest rate for convergence purposes - Euro,"Germany, Long-term interest rate for convergence purposes - Unspecified rate type, Debt security issued, 10 years maturity, New business coverage, denominated in Euro - Unspecified counterpart sector",PC,0
IRS.M.DE.L.L40.CI.0000.EUR.N.Z,M,DE,L,L40,CI,0000,EUR,N,Z,2006-07,4.01,A,F,,,P1M,,A,,,,,,,,,2,,,Long-term interest rate for convergence purposes - Euro,"Germany, Long-term interest rate for convergence purposes - Unspecified rate type, Debt security issued, 10 years maturity, New business coverage, denominated in Euro - Unspecified counterpart sector",PC,0
IRS.M.DE.L.L40.CI.0000.EUR.N.Z,M,DE,L,L40,CI,0000,EUR,N,Z,2006-08,3.88,A,F,,,P1M,,A,,,,,,,,,2,,,Long-term interest rate for convergence purposes - Euro,"Germany, Long-term interest rate for convergence purposes - Unspecified rate type, Debt security issued, 10 years maturity, New business coverage, denominated in Euro - Unspecified counterpart sector",PC,0
IRS.M.DE.L.L40.CI.0000.EUR.N.Z,M,DE,L,L40,CI,0000,EUR,N,Z,2006-09,3.75,A,F,,,P1M,,A,,,,,,,,,2,,,Long-term interest rate for convergence purposes - Euro,"Germany, Long-term interest rate for convergence purposes - Unspecified rate type, Debt security issued, 10 years maturity, New business coverage, denominated in Euro - Unspecified counterpart sector",PC,0
IRS.M.DE.L.L40.CI.0000.EUR.N.Z,M,DE,L,L40,CI,0000,EUR,N,Z,2006-10,3.79,A,F,,,P1M,,A,,,,,,,,,2,,,Long-term interest rate for convergence purposes - Euro,"Germany, Long-term interest rate for convergence purposes - Unspecified rate type, Debt security issued, 10 years maturity, New business coverage, denominated in Euro - Unspecified counterpart sector",PC,0
IRS.M.DE.L.L40.CI.0000.EUR.N.Z,M,DE,L,L40,CI,0000,EUR,N,Z,2006-11,3.71,A,F,,,P1M,,A,,,,,,,,,2,,,Long-term interest rate for convergence purposes - Euro,"Germany, Long-term interest rate for convergence purposes - Unspecified rate type, Debt security issued, 10 years maturity, New business coverage, denominated in Euro - Unspecified counterpart sector",PC,0
IRS.M.DE.L.L40.CI.0000.EUR.N.Z,M,DE,L,L40,CI,0000,EUR,N,Z,2006-12,3.77,A,F,,,P1M,,A,,,,,,,,,2,,,Long-term interest rate for convergence purposes - Euro,"Germany, Long-term interest rate for convergence purposes - Unspecified rate type, Debt security issued, 10 years maturity, New business coverage, denominated in Euro - Unspecified counterpart sector",PC,0
IRS.M.DE.L.L40.CI.0000.EUR.N.Z,M,DE,L,L40,CI,0000,EUR,N,Z,2007-01,4.02,A,F,,,P1M,,A,,,,,,,,,2,,,Long-term interest rate for convergence purposes - Euro,"Germany, Long-term interest rate for convergence purposes - Unspecified rate type, Debt security issued, 10 years maturity, New business coverage, denominated in Euro - Unspecified counterpart sector",PC,0
IRS.M.DE.L.L40.CI.0000.EUR.N.Z,M,DE,L,L40,CI,0000,EUR,N,Z,2007-02,4.05,A,F,,,P1M,,A,,,,,,,,,2,,,Long-term interest rate for convergence purposes - Euro,"Germany, Long-term interest rate for convergence purposes - Unspecified rate type, Debt security issued, 10 years maturity, New business coverage, denominated in Euro - Unspecified counterpart sector",PC,0
IRS.M.DE.L.L40.CI.0000.EUR.N.Z,M,DE,L,L40,CI,0000,EUR,N,Z,2007-03,3.94,A,F,,,P1M,,A,,,,,,,,,2,,,Long-term interest rate for convergence purposes - Euro,"Germany, Long-term interest rate for convergence purposes - Unspecified rate type, Debt security issued, 10 years maturity, New business coverage, denominated in Euro - Unspecified counterpart sector",PC,0
IRS.M.DE.L.L40.CI.0000.EUR.N.Z,M,DE,L,L40,CI,0000,EUR,N,Z,2007-04,4.15,A,F,,,P1M,,A,,,,,,,,,2,,,Long-term interest rate for convergence purposes - Euro,"Germany, Long-term interest rate for convergence purposes - Unspecified rate type, Debt security issued, 10 years maturity, New business coverage, denominated in Euro - Unspecified counterpart sector",PC,0
IRS.M.DE.L.L40.CI.0000.EUR.N.Z,M,DE,L,L40,CI,0000,EUR,N,Z,2007-05,4.28,A,F,,,P1M,,A,,,,,,,,,2,,,Long-term interest rate for convergence purposes - Euro,"Germany, Long-term interest rate for convergence purposes - Unspecified rate type, Debt security issued, 10 years maturity, New business coverage, denominated in Euro - Unspecified counterpart sector",PC,0
IRS.M.DE.L.L40.CI.0000.EUR.N.Z,M,DE,L,L40,CI,0000,EUR,N,Z,2007-06,4.56,A,F,,,P1M,,A,,,,,,,,,2,,,Long-term interest rate for convergence purposes - Euro,"Germany, Long-term interest rate for convergence purposes - Unspecified rate type, Debt security issued, 10 years maturity, New business coverage, denominated in Euro - Unspecified counterpart sector",PC,0
IRS.M.DE.L.L40.CI.0000.EUR.N.Z,M,DE,L,L40,CI,0000,EUR,N,Z,2007-07,4.5,A,F,,,P1M,,A,,,,,,,,,2,,,Long-term interest rate for convergence purposes - Euro,"Germany, Long-term interest rate for convergence purposes - Unspecified rate type, Debt security issued, 10 years maturity, New business coverage, denominated in Euro - Unspecified counterpart sector",PC,0
IRS.M.DE.L.L40.CI.0000.EUR.N.Z,M,DE,L,L40,CI,0000,EUR,N,Z,2007-08,4.3,A,F,,,P1M,,A,,,,,,,,,2,,,Long-term interest rate for convergence purposes - Euro,"Germany, Long-term interest rate for convergence purposes - Unspecified rate type, Debt security issued, 10 years maturity, New business coverage, denominated in Euro - Unspecified counterpart sector",PC,0
IRS.M.DE.L.L40.CI.0000.EUR.N.Z,M,DE,L,L40,CI,0000,EUR,N,Z,2007-09,4.22,A,F,,,P1M,,A,,,,,,,,,2,,,Long-term interest rate for convergence purposes - Euro,"Germany, Long-term interest rate for convergence purposes - Unspecified rate type, Debt security issued, 10 years maturity, New business coverage, denominated in Euro - Unspecified counterpart sector",PC,0
IRS.M.DE.L.L40.CI.0000.EUR.N.Z,M,DE,L,L40,CI,0000,EUR,N,Z,2007-10,4.28,A,F,,,P1M,,A,,,,,,,,,2,,,Long-term interest rate for convergence purposes - Euro,"Germany, Long-term interest rate for convergence purposes - Unspecified rate type, Debt security issued, 10 years maturity, New business coverage, denominated in Euro - Unspecified counterpart sector",PC,0
IRS.M.DE.L.L40.CI.0000.EUR.N.Z,M,DE,L,L40,CI,0000,EUR,N,Z,2007-11,4.09,A,F,,,P1M,,A,,,,,,,,,2,,,Long-term interest rate for convergence purposes - Euro,"Germany, Long-term interest rate for convergence purposes - Unspecified rate type, Debt security issued, 10 years maturity, New business coverage, denominated in Euro - Unspecified counterpart sector",PC,0
IRS.M.DE.L.L40.CI.0000.EUR.N.Z,M,DE,L,L40,CI,0000,EUR,N,Z,2007-12,4.21,A,F,,,P1M,,A,,,,,,,,,2,,,Long-term interest rate for convergence purposes - Euro,"Germany, Long-term interest rate for convergence purposes - Unspecified rate type, Debt security issued, 10 years maturity, New business coverage, denominated in Euro - Unspecified counterpart sector",PC,0
IRS.M.DE.L.L40.CI.0000.EUR.N.Z,M,DE,L,L40,CI,0000,EUR,N,Z,2008-01,4.03,A,F,,,P1M,,A,,,,,,,,,2,,,Long-term interest rate for convergence purposes - Euro,"Germany, Long-term interest rate for convergence purposes - Unspecified rate type, Debt security issued, 10 years maturity, New business coverage, denominated in Euro - Unspecified counterpart sector",PC,0
IRS.M.DE.L.L40.CI.0000.EUR.N.Z,M,DE,L,L40,CI,0000,EUR,N,Z,2008-02,3.95,A,F,,,P1M,,A,,,,,,,,,2,,,Long-term interest rate for convergence purposes - Euro,"Germany, Long-term interest rate for convergence purposes - Unspecified rate type, Debt security issued, 10 years maturity, New business coverage, denominated in Euro - Unspecified counterpart sector",PC,0
IRS.M.DE.L.L40.CI.0000.EUR.N.Z,M,DE,L,L40,CI,0000,EUR,N,Z,2008-03,3.8,A,F,,,P1M,,A,,,,,,,,,2,,,Long-term interest rate for convergence purposes - Euro,"Germany, Long-term interest rate for convergence purposes - Unspecified rate type, Debt security issued, 10 years maturity, New business coverage, denominated in Euro - Unspecified counterpart sector",PC,0
IRS.M.DE.L.L40.CI.0000.EUR.N.Z,M,DE,L,L40,CI,0000,EUR,N,Z,2008-04,4.04,A,F,,,P1M,,A,,,,,,,,,2,,,Long-term interest rate for convergence purposes - Euro,"Germany, Long-term interest rate for convergence purposes - Unspecified rate type, Debt security issued, 10 years maturity, New business coverage, denominated in Euro - Unspecified counterpart sector",PC,0
IRS.M.DE.L.L40.CI.0000.EUR.N.Z,M,DE,L,L40,CI,0000,EUR,N,Z,2008-05,4.2,A,F,,,P1M,,A,,,,,,,,,2,,,Long-term interest rate for convergence purposes - Euro,"Germany, Long-term interest rate for convergence purposes - Unspecified rate type, Debt security issued, 10 years maturity, New business coverage, denominated in Euro - Unspecified counterpart sector",PC,0
IRS.M.DE.L.L40.CI.0000.EUR.N.Z,M,DE,L,L40,CI,0000,EUR,N,Z,2008-06,4.52,A,F,,,P1M,,A,,,,,,,,,2,,,Long-term interest rate for convergence purposes - Euro,"Germany, Long-term interest rate for convergence purposes - Unspecified rate type, Debt security issued, 10 years maturity, New business coverage, denominated in Euro - Unspecified counterpart sector",PC,0
IRS.M.DE.L.L40.CI.0000.EUR.N.Z,M,DE,L,L40,CI,0000,EUR,N,Z,2008-07,4.49,A,F,,,P1M,,A,,,,,,,,,2,,,Long-term interest rate for convergence purposes - Euro,"Germany, Long-term interest rate for convergence purposes - Unspecified rate type, Debt security issued, 10 years maturity, New business coverage, denominated in Euro - Unspecified counterpart sector",PC,0
IRS.M.DE.L.L40.CI.0000.EUR.N.Z,M,DE,L,L40,CI,0000,EUR,N,Z,2008-08,4.2,A,F,,,P1M,,A,,,,,,,,,2,,,Long-term interest rate for convergence purposes - Euro,"Germany, Long-term interest rate for convergence purposes - Unspecified rate type, Debt security issued, 10 years maturity, New business coverage, denominated in Euro - Unspecified counterpart sector",PC,0
IRS.M.DE.L.L40.CI.0000.EUR.N.Z,M,DE,L,L40,CI,0000,EUR,N,Z,2008-09,4.09,A,F,,,P1M,,A,,,,,,,,,2,,,Long-term interest rate for convergence purposes - Euro,"Germany, Long-term interest rate for convergence purposes - Unspecified rate type, Debt security issued, 10 years maturity, New business coverage, denominated in Euro - Unspecified counterpart sector",PC,0
IRS.M.DE.L.L40.CI.0000.EUR.N.Z,M,DE,L,L40,CI,0000,EUR,N,Z,2008-10,3.88,A,F,,,P1M,,A,,,,,,,,,2,,,Long-term interest rate for convergence purposes - Euro,"Germany, Long-term interest rate for convergence purposes - Unspecified rate type, Debt security issued, 10 years maturity, New business coverage, denominated in Euro - Unspecified counterpart sector",PC,0
IRS.M.DE.L.L40.CI.0000.EUR.N.Z,M,DE,L,L40,CI,0000,EUR,N,Z,2008-11,3.56,A,F,,,P1M,,A,,,,,,,,,2,,,Long-term interest rate for convergence purposes - Euro,"Germany, Long-term interest rate for convergence purposes - Unspecified rate type, Debt security issued, 10 years maturity, New business coverage, denominated in Euro - Unspecified counterpart sector",PC,0
IRS.M.DE.L.L40.CI.0000.EUR.N.Z,M,DE,L,L40,CI,0000,EUR,N,Z,2008-12,3.05,A,F,,,P1M,,A,,,,,,,,,2,,,Long-term interest rate for convergence purposes - Euro,"Germany, Long-term interest rate for convergence purposes - Unspecified rate type, Debt security issued, 10 years maturity, New business coverage, denominated in Euro - Unspecified counterpart sector",PC,0
IRS.M.DE.L.L40.CI.0000.EUR.N.Z,M,DE,L,L40,CI,0000,EUR,N,Z,2009-01,3.07,A,F,,,P1M,,A,,,,,,,,,2,,,Long-term interest rate for convergence purposes - Euro,"Germany, Long-term interest rate for convergence purposes - Unspecified rate type, Debt security issued, 10 years maturity, New business coverage, denominated in Euro - Unspecified counterpart sector",PC,0
IRS.M.DE.L.L40.CI.0000.EUR.N.Z,M,DE,L,L40,CI,0000,EUR,N,Z,2009-02,3.13,A,F,,,P1M,,A,,,,,,,,,2,,,Long-term interest rate for convergence purposes - Euro,"Germany, Long-term interest rate for convergence purposes - Unspecified rate type, Debt security issued, 10 years maturity, New business coverage, denominated in Euro - Unspecified counterpart sector",PC,0
IRS.M.DE.L.L40.CI.0000.EUR.N.Z,M,DE,L,L40,CI,0000,EUR,N,Z,2009-03,3.02,A,F,,,P1M,,A,,,,,,,,,2,,,Long-term interest rate for convergence purposes - Euro,"Germany, Long-term interest rate for convergence purposes - Unspecified rate type, Debt security issued, 10 years maturity, New business coverage, denominated in Euro - Unspecified counterpart sector",PC,0
IRS.M.DE.L.L40.CI.0000.EUR.N.Z,M,DE,L,L40,CI,0000,EUR,N,Z,2009-04,3.13,A,F,,,P1M,,A,,,,,,,,,2,,,Long-term interest rate for convergence purposes - Euro,"Germany, Long-term interest rate for convergence purposes - Unspecified rate type, Debt security issued, 10 years maturity, New business coverage, denominated in Euro - Unspecified counterpart sector",PC,0
IRS.M.DE.L.L40.CI.0000.EUR.N.Z,M,DE,L,L40,CI,0000,EUR,N,Z,2009-05,3.37,A,F,,,P1M,,A,,,,,,,,,2,,,Long-term interest rate for convergence purposes - Euro,"Germany, Long-term interest rate for convergence purposes - Unspecified rate type, Debt security issued, 10 years maturity, New business coverage, denominated in Euro - Unspecified counterpart sector",PC,0
IRS.M.DE.L.L40.CI.0000.EUR.N.Z,M,DE,L,L40,CI,0000,EUR,N,Z,2009-06,3.47,A,F,,,P1M,,A,,,,,,,,,2,,,Long-term interest rate for convergence purposes - Euro,"Germany, Long-term interest rate for convergence purposes - Unspecified rate type, Debt security issued, 10 years maturity, New business coverage, denominated in Euro - Unspecified counterpart sector",PC,0
IRS.M.DE.L.L40.CI.0000.EUR.N.Z,M,DE,L,L40,CI,0000,EUR,N,Z,2009-07,3.34,A,F,,,P1M,,A,,,,,,,,,2,,,Long-term interest rate for convergence purposes - Euro,"Germany, Long-term interest rate for convergence purposes - Unspecified rate type, Debt security issued, 10 years maturity, New business coverage, denominated in Euro - Unspecified counterpart sector",PC,0
IRS.M.DE.L.L40.CI.0000.EUR.N.Z,M,DE,L,L40,CI,0000,EUR,N,Z,2009-08,3.31,A,F,,,P1M,,A,,,,,,,,,2,,,Long-term interest rate for convergence purposes - Euro,"Germany, Long-term interest rate for convergence purposes - Unspecified rate type, Debt security issued, 10 years maturity, New business coverage, denominated in Euro - Unspecified counterpart sector",PC,0
IRS.M.DE.L.L40.CI.0000.EUR.N.Z,M,DE,L,L40,CI,0000,EUR,N,Z,2009-09,3.26,A,F,,,P1M,,A,,,,,,,,,2,,,Long-term interest rate for convergence purposes - Euro,"Germany, Long-term interest rate for convergence purposes - Unspecified rate type, Debt security issued, 10 years maturity, New business coverage, denominated in Euro - Unspecified counterpart sector",PC,0
IRS.M.DE.L.L40.CI.0000.EUR.N.Z,M,DE,L,L40,CI,0000,EUR,N,Z,2009-10,3.21,A,F,,,P1M,,A,,,,,,,,,2,,,Long-term interest rate for convergence purposes - Euro,"Germany, Long-term interest rate for convergence purposes - Unspecified rate type, Debt security issued, 10 years maturity, New business coverage, denominated in Euro - Unspecified counterpart sector",PC,0
IRS.M.DE.L.L40.CI.0000.EUR.N.Z,M,DE,L,L40,CI,0000,EUR,N,Z,2009-11,3.22,A,F,,,P1M,,A,,,,,,,,,2,,,Long-term interest rate for convergence purposes - Euro,"Germany, Long-term interest rate for convergence purposes - Unspecified rate type, Debt security issued, 10 years maturity, New business coverage, denominated in Euro - Unspecified counterpart sector",PC,0
IRS.M.DE.L.L40.CI.0000.EUR.N.Z,M,DE,L,L40,CI,0000,EUR,N,Z,2009-12,3.14,A,F,,,P1M,,A,,,,,,,,,2,,,Long-term interest rate for convergence purposes - Euro,"Germany, Long-term interest rate for convergence purposes - Unspecified rate type, Debt security issued, 10 years maturity, New business coverage, denominated in Euro - Unspecified counterpart sector",PC,0
IRS.M.DE.L.L40.CI.0000.EUR.N.Z,M,DE,L,L40,CI,0000,EUR,N,Z,2010-01,3.26,A,F,,,P1M,,A,,,,,,,,,2,,,Long-term interest rate for convergence purposes - Euro,"Germany, Long-term interest rate for convergence purposes - Unspecified rate type, Debt security issued, 10 years maturity, New business coverage, denominated in Euro - Unspecified counterpart sector",PC,0
IRS.M.DE.L.L40.CI.0000.EUR.N.Z,M,DE,L,L40,CI,0000,EUR,N,Z,2010-02,3.17,A,F,,,P1M,,A,,,,,,,,,2,,,Long-term interest rate for convergence purposes - Euro,"Germany, Long-term interest rate for convergence purposes - Unspecified rate type, Debt security issued, 10 years maturity, New business coverage, denominated in Euro - Unspecified counterpart sector",PC,0
IRS.M.DE.L.L40.CI.0000.EUR.N.Z,M,DE,L,L40,CI,0000,EUR,N,Z,2010-03,3.1,A,F,,,P1M,,A,,,,,,,,,2,,,Long-term interest rate for convergence purposes - Euro,"Germany, Long-term interest rate for convergence purposes - Unspecified rate type, Debt security issued, 10 years maturity, New business coverage, denominated in Euro - Unspecified counterpart sector",PC,0
IRS.M.DE.L.L40.CI.0000.EUR.N.Z,M,DE,L,L40,CI,0000,EUR,N,Z,2010-04,3.06,A,F,,,P1M,,A,,,,,,,,,2,,,Long-term interest rate for convergence purposes - Euro,"Germany, Long-term interest rate for convergence purposes - Unspecified rate type, Debt security issued, 10 years maturity, New business coverage, denominated in Euro - Unspecified counterpart sector",PC,0
IRS.M.DE.L.L40.CI.0000.EUR.N.Z,M,DE,L,L40,CI,0000,EUR,N,Z,2010-05,2.73,A,F,,,P1M,,A,,,,,,,,,2,,,Long-term interest rate for convergence purposes - Euro,"Germany, Long-term interest rate for convergence purposes - Unspecified rate type, Debt security issued, 10 years maturity, New business coverage, denominated in Euro - Unspecified counterpart sector",PC,0
IRS.M.DE.L.L40.CI.0000.EUR.N.Z,M,DE,L,L40,CI,0000,EUR,N,Z,2010-06,2.54,A,F,,,P1M,,A,,,,,,,,,2,,,Long-term interest rate for convergence purposes - Euro,"Germany, Long-term interest rate for convergence purposes - Unspecified rate type, Debt security issued, 10 years maturity, New business coverage, denominated in Euro - Unspecified counterpart sector",PC,0
IRS.M.DE.L.L40.CI.0000.EUR.N.Z,M,DE,L,L40,CI,0000,EUR,N,Z,2010-07,2.62,A,F,,,P1M,,A,,,,,,,,,2,,,Long-term interest rate for convergence purposes - Euro,"Germany, Long-term interest rate for convergence purposes - Unspecified rate type, Debt security issued, 10 years maturity, New business coverage, denominated in Euro - Unspecified counterpart sector",PC,0
IRS.M.DE.L.L40.CI.0000.EUR.N.Z,M,DE,L,L40,CI,0000,EUR,N,Z,2010-08,2.35,A,F,,,P1M,,A,,,,,,,,,2,,,Long-term interest rate for convergence purposes - Euro,"Germany, Long-term interest rate for convergence purposes - Unspecified rate type, Debt security issued, 10 years maturity, New business coverage, denominated in Euro - Unspecified counterpart sector",PC,0
IRS.M.DE.L.L40.CI.0000.EUR.N.Z,M,DE,L,L40,CI,0000,EUR,N,Z,2010-09,2.3,A,F,,,P1M,,A,,,,,,,,,2,,,Long-term interest rate for convergence purposes - Euro,"Germany, Long-term interest rate for convergence purposes - Unspecified rate type, Debt security issued, 10 years maturity, New business coverage, denominated in Euro - Unspecified counterpart sector",PC,0
IRS.M.DE.L.L40.CI.0000.EUR.N.Z,M,DE,L,L40,CI,0000,EUR,N,Z,2010-10,2.35,A,F,,,P1M,,A,,,,,,,,,2,,,Long-term interest rate for convergence purposes - Euro,"Germany, Long-term interest rate for convergence purposes - Unspecified rate type, Debt security issued, 10 years maturity, New business coverage, denominated in Euro - Unspecified counterpart sector",PC,0
IRS.M.DE.L.L40.CI.0000.EUR.N.Z,M,DE,L,L40,CI,0000,EUR,N,Z,2010-11,2.53,A,F,,,P1M,,A,,,,,,,,,2,,,Long-term interest rate for convergence purposes - Euro,"Germany, Long-term interest rate for convergence purposes - Unspecified rate type, Debt security issued, 10 years maturity, New business coverage, denominated in Euro - Unspecified counterpart sector",PC,0
IRS.M.DE.L.L40.CI.0000.EUR.N.Z,M,DE,L,L40,CI,0000,EUR,N,Z,2010-12,2.91,A,F,,,P1M,,A,,,,,,,,,2,,,Long-term interest rate for convergence purposes - Euro,"Germany, Long-term interest rate for convergence purposes - Unspecified rate type, Debt security issued, 10 years maturity, New business coverage, denominated in Euro - Unspecified counterpart sector",PC,0
IRS.M.DE.L.L40.CI.0000.EUR.N.Z,M,DE,L,L40,CI,0000,EUR,N,Z,2011-01,3.02,A,F,,,P1M,,A,,,,,,,,,2,,,Long-term interest rate for convergence purposes - Euro,"Germany, Long-term interest rate for convergence purposes - Unspecified rate type, Debt security issued, 10 years maturity, New business coverage, denominated in Euro - Unspecified counterpart sector",PC,0
IRS.M.DE.L.L40.CI.0000.EUR.N.Z,M,DE,L,L40,CI,0000,EUR,N,Z,2011-02,3.2,A,F,,,P1M,,A,,,,,,,,,2,,,Long-term interest rate for convergence purposes - Euro,"Germany, Long-term interest rate for convergence purposes - Unspecified rate type, Debt security issued, 10 years maturity, New business coverage, denominated in Euro - Unspecified counterpart sector",PC,0
IRS.M.DE.L.L40.CI.0000.EUR.N.Z,M,DE,L,L40,CI,0000,EUR,N,Z,2011-03,3.21,A,F,,,P1M,,A,,,,,,,,,2,,,Long-term interest rate for convergence purposes - Euro,"Germany, Long-term interest rate for convergence purposes - Unspecified rate type, Debt security issued, 10 years maturity, New business coverage, denominated in Euro - Unspecified counterpart sector",PC,0
IRS.M.DE.L.L40.CI.0000.EUR.N.Z,M,DE,L,L40,CI,0000,EUR,N,Z,2011-04,3.34,A,F,,,P1M,,A,,,,,,,,,2,,,Long-term interest rate for convergence purposes - Euro,"Germany, Long-term interest rate for convergence purposes - Unspecified rate type, Debt security issued, 10 years maturity, New business coverage, denominated in Euro - Unspecified counterpart sector",PC,0
IRS.M.DE.L.L40.CI.0000.EUR.N.Z,M,DE,L,L40,CI,0000,EUR,N,Z,2011-05,3.06,A,F,,,P1M,,A,,,,,,,,,2,,,Long-term interest rate for convergence purposes - Euro,"Germany, Long-term interest rate for convergence purposes - Unspecified rate type, Debt security issued, 10 years maturity, New business coverage, denominated in Euro - Unspecified counterpart sector",PC,0
IRS.M.DE.L.L40.CI.0000.EUR.N.Z,M,DE,L,L40,CI,0000,EUR,N,Z,2011-06,2.89,A,F,,,P1M,,A,,,,,,,,,2,,,Long-term interest rate for convergence purposes - Euro,"Germany, Long-term interest rate for convergence purposes - Unspecified rate type, Debt security issued, 10 years maturity, New business coverage, denominated in Euro - Unspecified counterpart sector",PC,0
IRS.M.DE.L.L40.CI.0000.EUR.N.Z,M,DE,L,L40,CI,0000,EUR,N,Z,2011-07,2.74,A,F,,,P1M,,A,,,,,,,,,2,,,Long-term interest rate for convergence purposes - Euro,"Germany, Long-term interest rate for convergence purposes - Unspecified rate type, Debt security issued, 10 years maturity, New business coverage, denominated in Euro - Unspecified counterpart sector",PC,0
IRS.M.DE.L.L40.CI.0000.EUR.N.Z,M,DE,L,L40,CI,0000,EUR,N,Z,2011-08,2.21,A,F,,,P1M,,A,,,,,,,,,2,,,Long-term interest rate for convergence purposes - Euro,"Germany, Long-term interest rate for convergence purposes - Unspecified rate type, Debt security issued, 10 years maturity, New business coverage, denominated in Euro - Unspecified counterpart sector",PC,0
IRS.M.DE.L.L40.CI.0000.EUR.N.Z,M,DE,L,L40,CI,0000,EUR,N,Z,2011-09,1.83,A,F,,,P1M,,A,,,,,,,,,2,,,Long-term interest rate for convergence purposes - Euro,"Germany, Long-term interest rate for convergence purposes - Unspecified rate type, Debt security issued, 10 years maturity, New business coverage, denominated in Euro - Unspecified counterpart sector",PC,0
IRS.M.DE.L.L40.CI.0000.EUR.N.Z,M,DE,L,L40,CI,0000,EUR,N,Z,2011-10,2,A,F,,,P1M,,A,,,,,,,,,2,,,Long-term interest rate for convergence purposes - Euro,"Germany, Long-term interest rate for convergence purposes - Unspecified rate type, Debt security issued, 10 years maturity, New business coverage, denominated in Euro - Unspecified counterpart sector",PC,0
IRS.M.DE.L.L40.CI.0000.EUR.N.Z,M,DE,L,L40,CI,0000,EUR,N,Z,2011-11,1.87,A,F,,,P1M,,A,,,,,,,,,2,,,Long-term interest rate for convergence purposes - Euro,"Germany, Long-term interest rate for convergence purposes - Unspecified rate type, Debt security issued, 10 years maturity, New business coverage, denominated in Euro - Unspecified counterpart sector",PC,0
IRS.M.DE.L.L40.CI.0000.EUR.N.Z,M,DE,L,L40,CI,0000,EUR,N,Z,2011-12,1.93,A,F,,,P1M,,A,,,,,,,,,2,,,Long-term interest rate for convergence purposes - Euro,"Germany, Long-term interest rate for convergence purposes - Unspecified rate type, Debt security issued, 10 years maturity, New business coverage, denominated in Euro - Unspecified counterpart sector",PC,0
IRS.M.DE.L.L40.CI.0000.EUR.N.Z,M,DE,L,L40,CI,0000,EUR,N,Z,2012-01,1.82,A,F,,,P1M,,A,,,,,,,,,2,,,Long-term interest rate for convergence purposes - Euro,"Germany, Long-term interest rate for convergence purposes - Unspecified rate type, Debt security issued, 10 years maturity, New business coverage, denominated in Euro - Unspecified counterpart sector",PC,0
IRS.M.DE.L.L40.CI.0000.EUR.N.Z,M,DE,L,L40,CI,0000,EUR,N,Z,2012-02,1.85,A,F,,,P1M,,A,,,,,,,,,2,,,Long-term interest rate for convergence purposes - Euro,"Germany, Long-term interest rate for convergence purposes - Unspecified rate type, Debt security issued, 10 years maturity, New business coverage, denominated in Euro - Unspecified counterpart sector",PC,0
IRS.M.DE.L.L40.CI.0000.EUR.N.Z,M,DE,L,L40,CI,0000,EUR,N,Z,2012-03,1.83,A,F,,,P1M,,A,,,,,,,,,2,,,Long-term interest rate for convergence purposes - Euro,"Germany, Long-term interest rate for convergence purposes - Unspecified rate type, Debt security issued, 10 years maturity, New business coverage, denominated in Euro - Unspecified counterpart sector",PC,0
IRS.M.DE.L.L40.CI.0000.EUR.N.Z,M,DE,L,L40,CI,0000,EUR,N,Z,2012-04,1.62,A,F,,,P1M,,A,,,,,,,,,2,,,Long-term interest rate for convergence purposes - Euro,"Germany, Long-term interest rate for convergence purposes - Unspecified rate type, Debt security issued, 10 years maturity, New business coverage, denominated in Euro - Unspecified counterpart sector",PC,0
IRS.M.DE.L.L40.CI.0000.EUR.N.Z,M,DE,L,L40,CI,0000,EUR,N,Z,2012-05,1.34,A,F,,,P1M,,A,,,,,,,,,2,,,Long-term interest rate for convergence purposes - Euro,"Germany, Long-term interest rate for convergence purposes - Unspecified rate type, Debt security issued, 10 years maturity, New business coverage, denominated in Euro - Unspecified counterpart sector",PC,0
IRS.M.DE.L.L40.CI.0000.EUR.N.Z,M,DE,L,L40,CI,0000,EUR,N,Z,2012-06,1.3,A,F,,,P1M,,A,,,,,,,,,2,,,Long-term interest rate for convergence purposes - Euro,"Germany, Long-term interest rate for convergence purposes - Unspecified rate type, Debt security issued, 10 years maturity, New business coverage, denominated in Euro - Unspecified counterpart sector",PC,0
IRS.M.DE.L.L40.CI.0000.EUR.N.Z,M,DE,L,L40,CI,0000,EUR,N,Z,2012-07,1.24,A,F,,,P1M,,A,,,,,,,,,2,,,Long-term interest rate for convergence purposes - Euro,"Germany, Long-term interest rate for convergence purposes - Unspecified rate type, Debt security issued, 10 years maturity, New business coverage, denominated in Euro - Unspecified counterpart sector",PC,0
IRS.M.DE.L.L40.CI.0000.EUR.N.Z,M,DE,L,L40,CI,0000,EUR,N,Z,2012-08,1.34,A,F,,,P1M,,A,,,,,,,,,2,,,Long-term interest rate for convergence purposes - Euro,"Germany, Long-term interest rate for convergence purposes - Unspecified rate type, Debt security issued, 10 years maturity, New business coverage, denominated in Euro - Unspecified counterpart sector",PC,0
IRS.M.DE.L.L40.CI.0000.EUR.N.Z,M,DE,L,L40,CI,0000,EUR,N,Z,2012-09,1.49,A,F,,,P1M,,A,,,,,,,,,2,,,Long-term interest rate for convergence purposes - Euro,"Germany, Long-term interest rate for convergence purposes - Unspecified rate type, Debt security issued, 10 years maturity, New business coverage, denominated in Euro - Unspecified counterpart sector",PC,0
IRS.M.DE.L.L40.CI.0000.EUR.N.Z,M,DE,L,L40,CI,0000,EUR,N,Z,2012-10,1.47,A,F,,,P1M,,A,,,,,,,,,2,,,Long-term interest rate for convergence purposes - Euro,"Germany, Long-term interest rate for convergence purposes - Unspecified rate type, Debt security issued, 10 years maturity, New business coverage, denominated in Euro - Unspecified counterpart sector",PC,0
IRS.M.DE.L.L40.CI.0000.EUR.N.Z,M,DE,L,L40,CI,0000,EUR,N,Z,2012-11,1.34,A,F,,,P1M,,A,,,,,,,,,2,,,Long-term interest rate for convergence purposes - Euro,"Germany, Long-term interest rate for convergence purposes - Unspecified rate type, Debt security issued, 10 years maturity, New business coverage, denominated in Euro - Unspecified counterpart sector",PC,0
IRS.M.DE.L.L40.CI.0000.EUR.N.Z,M,DE,L,L40,CI,0000,EUR,N,Z,2012-12,1.3,A,F,,,P1M,,A,,,,,,,,,2,,,Long-term interest rate for convergence purposes - Euro,"Germany, Long-term interest rate for convergence purposes - Unspecified rate type, Debt security issued, 10 years maturity, New business coverage, denominated in Euro - Unspecified counterpart sector",PC,0
IRS.M.DE.L.L40.CI.0000.EUR.N.Z,M,DE,L,L40,CI,0000,EUR,N,Z,2013-01,1.51,A,F,,,P1M,,A,,,,,,,,,2,,,Long-term interest rate for convergence purposes - Euro,"Germany, Long-term interest rate for convergence purposes - Unspecified rate type, Debt security issued, 10 years maturity, New business coverage, denominated in Euro - Unspecified counterpart sector",PC,0
IRS.M.DE.L.L40.CI.0000.EUR.N.Z,M,DE,L,L40,CI,0000,EUR,N,Z,2013-02,1.54,A,F,,,P1M,,A,,,,,,,,,2,,,Long-term interest rate for convergence purposes - Euro,"Germany, Long-term interest rate for convergence purposes - Unspecified rate type, Debt security issued, 10 years maturity, New business coverage, denominated in Euro - Unspecified counterpart sector",PC,0
IRS.M.DE.L.L40.CI.0000.EUR.N.Z,M,DE,L,L40,CI,0000,EUR,N,Z,2013-03,1.35,A,F,,,P1M,,A,,,,,,,,,2,,,Long-term interest rate for convergence purposes - Euro,"Germany, Long-term interest rate for convergence purposes - Unspecified rate type, Debt security issued, 10 years maturity, New business coverage, denominated in Euro - Unspecified counterpart sector",PC,0
IRS.M.DE.L.L40.CI.0000.EUR.N.Z,M,DE,L,L40,CI,0000,EUR,N,Z,2013-04,1.2,A,F,,,P1M,,A,,,,,,,,,2,,,Long-term interest rate for convergence purposes - Euro,"Germany, Long-term interest rate for convergence purposes - Unspecified rate type, Debt security issued, 10 years maturity, New business coverage, denominated in Euro - Unspecified counterpart sector",PC,0
IRS.M.DE.L.L40.CI.0000.EUR.N.Z,M,DE,L,L40,CI,0000,EUR,N,Z,2013-05,1.29,A,F,,,P1M,,A,,,,,,,,,2,,,Long-term interest rate for convergence purposes - Euro,"Germany, Long-term interest rate for convergence purposes - Unspecified rate type, Debt security issued, 10 years maturity, New business coverage, denominated in Euro - Unspecified counterpart sector",PC,0
IRS.M.DE.L.L40.CI.0000.EUR.N.Z,M,DE,L,L40,CI,0000,EUR,N,Z,2013-06,1.53,A,F,,,P1M,,A,,,,,,,,,2,,,Long-term interest rate for convergence purposes - Euro,"Germany, Long-term interest rate for convergence purposes - Unspecified rate type, Debt security issued, 10 years maturity, New business coverage, denominated in Euro - Unspecified counterpart sector",PC,0
IRS.M.DE.L.L40.CI.0000.EUR.N.Z,M,DE,L,L40,CI,0000,EUR,N,Z,2013-07,1.56,A,F,,,P1M,,A,,,,,,,,,2,,,Long-term interest rate for convergence purposes - Euro,"Germany, Long-term interest rate for convergence purposes - Unspecified rate type, Debt security issued, 10 years maturity, New business coverage, denominated in Euro - Unspecified counterpart sector",PC,0
IRS.M.DE.L.L40.CI.0000.EUR.N.Z,M,DE,L,L40,CI,0000,EUR,N,Z,2013-08,1.73,A,F,,,P1M,,A,,,,,,,,,2,,,Long-term interest rate for convergence purposes - Euro,"Germany, Long-term interest rate for convergence purposes - Unspecified rate type, Debt security issued, 10 years maturity, New business coverage, denominated in Euro - Unspecified counterpart sector",PC,0
IRS.M.DE.L.L40.CI.0000.EUR.N.Z,M,DE,L,L40,CI,0000,EUR,N,Z,2013-09,1.89,A,F,,,P1M,,A,,,,,,,,,2,,,Long-term interest rate for convergence purposes - Euro,"Germany, Long-term interest rate for convergence purposes - Unspecified rate type, Debt security issued, 10 years maturity, New business coverage, denominated in Euro - Unspecified counterpart sector",PC,0
IRS.M.DE.L.L40.CI.0000.EUR.N.Z,M,DE,L,L40,CI,0000,EUR,N,Z,2013-10,1.76,A,F,,,P1M,,A,,,,,,,,,2,,,Long-term interest rate for convergence purposes - Euro,"Germany, Long-term interest rate for convergence purposes - Unspecified rate type, Debt security issued, 10 years maturity, New business coverage, denominated in Euro - Unspecified counterpart sector",PC,0
IRS.M.DE.L.L40.CI.0000.EUR.N.Z,M,DE,L,L40,CI,0000,EUR,N,Z,2013-11,1.68,A,F,,,P1M,,A,,,,,,,,,2,,,Long-term interest rate for convergence purposes - Euro,"Germany, Long-term interest rate for convergence purposes - Unspecified rate type, Debt security issued, 10 years maturity, New business coverage, denominated in Euro - Unspecified counterpart sector",PC,0
IRS.M.DE.L.L40.CI.0000.EUR.N.Z,M,DE,L,L40,CI,0000,EUR,N,Z,2013-12,1.8,A,F,,,P1M,,A,,,,,,,,,2,,,Long-term interest rate for convergence purposes - Euro,"Germany, Long-term interest rate for convergence purposes - Unspecified rate type, Debt security issued, 10 years maturity, New business coverage, denominated in Euro - Unspecified counterpart sector",PC,0
IRS.M.DE.L.L40.CI.0000.EUR.N.Z,M,DE,L,L40,CI,0000,EUR,N,Z,2014-01,1.76,A,F,,,P1M,,A,,,,,,,,,2,,,Long-term interest rate for convergence purposes - Euro,"Germany, Long-term interest rate for convergence purposes - Unspecified rate type, Debt security issued, 10 years maturity, New business coverage, denominated in Euro - Unspecified counterpart sector",PC,0
IRS.M.DE.L.L40.CI.0000.EUR.N.Z,M,DE,L,L40,CI,0000,EUR,N,Z,2014-02,1.56,A,F,,,P1M,,A,,,,,,,,,2,,,Long-term interest rate for convergence purposes - Euro,"Germany, Long-term interest rate for convergence purposes - Unspecified rate type, Debt security issued, 10 years maturity, New business coverage, denominated in Euro - Unspecified counterpart sector",PC,0
IRS.M.DE.L.L40.CI.0000.EUR.N.Z,M,DE,L,L40,CI,0000,EUR,N,Z,2014-03,1.51,A,F,,,P1M,,A,,,,,,,,,2,,,Long-term interest rate for convergence purposes - Euro,"Germany, Long-term interest rate for convergence purposes - Unspecified rate type, Debt security issued, 10 years maturity, New business coverage, denominated in Euro - Unspecified counterpart sector",PC,0
IRS.M.DE.L.L40.CI.0000.EUR.N.Z,M,DE,L,L40,CI,0000,EUR,N,Z,2014-04,1.46,A,F,,,P1M,,A,,,,,,,,,2,,,Long-term interest rate for convergence purposes - Euro,"Germany, Long-term interest rate for convergence purposes - Unspecified rate type, Debt security issued, 10 years maturity, New business coverage, denominated in Euro - Unspecified counterpart sector",PC,0
IRS.M.DE.L.L40.CI.0000.EUR.N.Z,M,DE,L,L40,CI,0000,EUR,N,Z,2014-05,1.33,A,F,,,P1M,,A,,,,,,,,,2,,,Long-term interest rate for convergence purposes - Euro,"Germany, Long-term interest rate for convergence purposes - Unspecified rate type, Debt security issued, 10 years maturity, New business coverage, denominated in Euro - Unspecified counterpart sector",PC,0
IRS.M.DE.L.L40.CI.0000.EUR.N.Z,M,DE,L,L40,CI,0000,EUR,N,Z,2014-06,1.26,A,F,,,P1M,,A,,,,,,,,,2,,,Long-term interest rate for convergence purposes - Euro,"Germany, Long-term interest rate for convergence purposes - Unspecified rate type, Debt security issued, 10 years maturity, New business coverage, denominated in Euro - Unspecified counterpart sector",PC,0
IRS.M.DE.L.L40.CI.0000.EUR.N.Z,M,DE,L,L40,CI,0000,EUR,N,Z,2014-07,1.11,A,F,,,P1M,,A,,,,,,,,,2,,,Long-term interest rate for convergence purposes - Euro,"Germany, Long-term interest rate for convergence purposes - Unspecified rate type, Debt security issued, 10 years maturity, New business coverage, denominated in Euro - Unspecified counterpart sector",PC,0
IRS.M.DE.L.L40.CI.0000.EUR.N.Z,M,DE,L,L40,CI,0000,EUR,N,Z,2014-08,0.95,A,F,,,P1M,,A,,,,,,,,,2,,,Long-term interest rate for convergence purposes - Euro,"Germany, Long-term interest rate for convergence purposes - Unspecified rate type, Debt security issued, 10 years maturity, New business coverage, denominated in Euro - Unspecified counterpart sector",PC,0
IRS.M.DE.L.L40.CI.0000.EUR.N.Z,M,DE,L,L40,CI,0000,EUR,N,Z,2014-09,0.92,A,F,,,P1M,,A,,,,,,,,,2,,,Long-term interest rate for convergence purposes - Euro,"Germany, Long-term interest rate for convergence purposes - Unspecified rate type, Debt security issued, 10 years maturity, New business coverage, denominated in Euro - Unspecified counterpart sector",PC,0
IRS.M.DE.L.L40.CI.0000.EUR.N.Z,M,DE,L,L40,CI,0000,EUR,N,Z,2014-10,0.79,A,F,,,P1M,,A,,,,,,,,,2,,,Long-term interest rate for convergence purposes - Euro,"Germany, Long-term interest rate for convergence purposes - Unspecified rate type, Debt security issued, 10 years maturity, New business coverage, denominated in Euro - Unspecified counterpart sector",PC,0
IRS.M.DE.L.L40.CI.0000.EUR.N.Z,M,DE,L,L40,CI,0000,EUR,N,Z,2014-11,0.72,A,F,,,P1M,,A,,,,,,,,,2,,,Long-term interest rate for convergence purposes - Euro,"Germany, Long-term interest rate for convergence purposes - Unspecified rate type, Debt security issued, 10 years maturity, New business coverage, denominated in Euro - Unspecified counterpart sector",PC,0
IRS.M.DE.L.L40.CI.0000.EUR.N.Z,M,DE,L,L40,CI,0000,EUR,N,Z,2014-12,0.59,A,F,,,P1M,,A,,,,,,,,,2,,,Long-term interest rate for convergence purposes - Euro,"Germany, Long-term interest rate for convergence purposes - Unspecified rate type, Debt security issued, 10 years maturity, New business coverage, denominated in Euro - Unspecified counterpart sector",PC,0
IRS.M.DE.L.L40.CI.0000.EUR.N.Z,M,DE,L,L40,CI,0000,EUR,N,Z,2015-01,0.39,A,F,,,P1M,,A,,,,,,,,,2,,,Long-term interest rate for convergence purposes - Euro,"Germany, Long-term interest rate for convergence purposes - Unspecified rate type, Debt security issued, 10 years maturity, New business coverage, denominated in Euro - Unspecified counterpart sector",PC,0
IRS.M.DE.L.L40.CI.0000.EUR.N.Z,M,DE,L,L40,CI,0000,EUR,N,Z,2015-02,0.3,A,F,,,P1M,,A,,,,,,,,,2,,,Long-term interest rate for convergence purposes - Euro,"Germany, Long-term interest rate for convergence purposes - Unspecified rate type, Debt security issued, 10 years maturity, New business coverage, denominated in Euro - Unspecified counterpart sector",PC,0
IRS.M.DE.L.L40.CI.0000.EUR.N.Z,M,DE,L,L40,CI,0000,EUR,N,Z,2015-03,0.23,A,F,,,P1M,,A,,,,,,,,,2,,,Long-term interest rate for convergence purposes - Euro,"Germany, Long-term interest rate for convergence purposes - Unspecified rate type, Debt security issued, 10 years maturity, New business coverage, denominated in Euro - Unspecified counterpart sector",PC,0
IRS.M.DE.L.L40.CI.0000.EUR.N.Z,M,DE,L,L40,CI,0000,EUR,N,Z,2015-04,0.12,A,F,,,P1M,,A,,,,,,,,,2,,,Long-term interest rate for convergence purposes - Euro,"Germany, Long-term interest rate for convergence purposes - Unspecified rate type, Debt security issued, 10 years maturity, New business coverage, denominated in Euro - Unspecified counterpart sector",PC,0
IRS.M.DE.L.L40.CI.0000.EUR.N.Z,M,DE,L,L40,CI,0000,EUR,N,Z,2015-05,0.56,A,F,,,P1M,,A,,,,,,,,,2,,,Long-term interest rate for convergence purposes - Euro,"Germany, Long-term interest rate for convergence purposes - Unspecified rate type, Debt security issued, 10 years maturity, New business coverage, denominated in Euro - Unspecified counterpart sector",PC,0
IRS.M.DE.L.L40.CI.0000.EUR.N.Z,M,DE,L,L40,CI,0000,EUR,N,Z,2015-06,0.79,A,F,,,P1M,,A,,,,,,,,,2,,,Long-term interest rate for convergence purposes - Euro,"Germany, Long-term interest rate for convergence purposes - Unspecified rate type, Debt security issued, 10 years maturity, New business coverage, denominated in Euro - Unspecified counterpart sector",PC,0
IRS.M.DE.L.L40.CI.0000.EUR.N.Z,M,DE,L,L40,CI,0000,EUR,N,Z,2015-07,0.71,A,F,,,P1M,,A,,,,,,,,,2,,,Long-term interest rate for convergence purposes - Euro,"Germany, Long-term interest rate for convergence purposes - Unspecified rate type, Debt security issued, 10 years maturity, New business coverage, denominated in Euro - Unspecified counterpart sector",PC,0
IRS.M.DE.L.L40.CI.0000.EUR.N.Z,M,DE,L,L40,CI,0000,EUR,N,Z,2015-08,0.61,A,F,,,P1M,,A,,,,,,,,,2,,,Long-term interest rate for convergence purposes - Euro,"Germany, Long-term interest rate for convergence purposes - Unspecified rate type, Debt security issued, 10 years maturity, New business coverage, denominated in Euro - Unspecified counterpart sector",PC,0
IRS.M.DE.L.L40.CI.0000.EUR.N.Z,M,DE,L,L40,CI,0000,EUR,N,Z,2015-09,0.65,A,F,,,P1M,,A,,,,,,,,,2,,,Long-term interest rate for convergence purposes - Euro,"Germany, Long-term interest rate for convergence purposes - Unspecified rate type, Debt security issued, 10 years maturity, New business coverage, denominated in Euro - Unspecified counterpart sector",PC,0
IRS.M.DE.L.L40.CI.0000.EUR.N.Z,M,DE,L,L40,CI,0000,EUR,N,Z,2015-10,0.52,A,F,,,P1M,,A,,,,,,,,,2,,,Long-term interest rate for convergence purposes - Euro,"Germany, Long-term interest rate for convergence purposes - Unspecified rate type, Debt security issued, 10 years maturity, New business coverage, denominated in Euro - Unspecified counterpart sector",PC,0
IRS.M.DE.L.L40.CI.0000.EUR.N.Z,M,DE,L,L40,CI,0000,EUR,N,Z,2015-11,0.52,A,F,,,P1M,,A,,,,,,,,,2,,,Long-term interest rate for convergence purposes - Euro,"Germany, Long-term interest rate for convergence purposes - Unspecified rate type, Debt security issued, 10 years maturity, New business coverage, denominated in Euro - Unspecified counterpart sector",PC,0
IRS.M.DE.L.L40.CI.0000.EUR.N.Z,M,DE,L,L40,CI,0000,EUR,N,Z,2015-12,0.55,A,F,,,P1M,,A,,,,,,,,,2,,,Long-term interest rate for convergence purposes - Euro,"Germany, Long-term interest rate for convergence purposes - Unspecified rate type, Debt security issued, 10 years maturity, New business coverage, denominated in Euro - Unspecified counterpart sector",PC,0
IRS.M.DE.L.L40.CI.0000.EUR.N.Z,M,DE,L,L40,CI,0000,EUR,N,Z,2016-01,0.43,A,F,,,P1M,,A,,,,,,,,,2,,,Long-term interest rate for convergence purposes - Euro,"Germany, Long-term interest rate for convergence purposes - Unspecified rate type, Debt security issued, 10 years maturity, New business coverage, denominated in Euro - Unspecified counterpart sector",PC,0
IRS.M.DE.L.L40.CI.0000.EUR.N.Z,M,DE,L,L40,CI,0000,EUR,N,Z,2016-02,0.17,A,F,,,P1M,,A,,,,,,,,,2,,,Long-term interest rate for convergence purposes - Euro,"Germany, Long-term interest rate for convergence purposes - Unspecified rate type, Debt security issued, 10 years maturity, New business coverage, denominated in Euro - Unspecified counterpart sector",PC,0
IRS.M.DE.L.L40.CI.0000.EUR.N.Z,M,DE,L,L40,CI,0000,EUR,N,Z,2016-03,0.17,A,F,,,P1M,,A,,,,,,,,,2,,,Long-term interest rate for convergence purposes - Euro,"Germany, Long-term interest rate for convergence purposes - Unspecified rate type, Debt security issued, 10 years maturity, New business coverage, denominated in Euro - Unspecified counterpart sector",PC,0
IRS.M.DE.L.L40.CI.0000.EUR.N.Z,M,DE,L,L40,CI,0000,EUR,N,Z,2016-04,0.13,A,F,,,P1M,,A,,,,,,,,,2,,,Long-term interest rate for convergence purposes - Euro,"Germany, Long-term interest rate for convergence purposes - Unspecified rate type, Debt security issued, 10 years maturity, New business coverage, denominated in Euro - Unspecified counterpart sector",PC,0
IRS.M.DE.L.L40.CI.0000.EUR.N.Z,M,DE,L,L40,CI,0000,EUR,N,Z,2016-05,0.13,A,F,,,P1M,,A,,,,,,,,,2,,,Long-term interest rate for convergence purposes - Euro,"Germany, Long-term interest rate for convergence purposes - Unspecified rate type, Debt security issued, 10 years maturity, New business coverage, denominated in Euro - Unspecified counterpart sector",PC,0
IRS.M.DE.L.L40.CI.0000.EUR.N.Z,M,DE,L,L40,CI,0000,EUR,N,Z,2016-06,-0.02,A,F,,,P1M,,A,,,,,,,,,2,,,Long-term interest rate for convergence purposes - Euro,"Germany, Long-term interest rate for convergence purposes - Unspecified rate type, Debt security issued, 10 years maturity, New business coverage, denominated in Euro - Unspecified counterpart sector",PC,0
IRS.M.DE.L.L40.CI.0000.EUR.N.Z,M,DE,L,L40,CI,0000,EUR,N,Z,2016-07,-0.15,A,F,,,P1M,,A,,,,,,,,,2,,,Long-term interest rate for convergence purposes - Euro,"Germany, Long-term interest rate for convergence purposes - Unspecified rate type, Debt security issued, 10 years maturity, New business coverage, denominated in Euro - Unspecified counterpart sector",PC,0
IRS.M.DE.L.L40.CI.0000.EUR.N.Z,M,DE,L,L40,CI,0000,EUR,N,Z,2016-08,-0.13,A,F,,,P1M,,A,,,,,,,,,2,,,Long-term interest rate for convergence purposes - Euro,"Germany, Long-term interest rate for convergence purposes - Unspecified rate type, Debt security issued, 10 years maturity, New business coverage, denominated in Euro - Unspecified counterpart sector",PC,0
IRS.M.DE.L.L40.CI.0000.EUR.N.Z,M,DE,L,L40,CI,0000,EUR,N,Z,2016-09,-0.09,A,F,,,P1M,,A,,,,,,,,,2,,,Long-term interest rate for convergence purposes - Euro,"Germany, Long-term interest rate for convergence purposes - Unspecified rate type, Debt security issued, 10 years maturity, New business coverage, denominated in Euro - Unspecified counterpart sector",PC,0
IRS.M.DE.L.L40.CI.0000.EUR.N.Z,M,DE,L,L40,CI,0000,EUR,N,Z,2016-10,0,A,F,,,P1M,,A,,,,,,,,,2,,,Long-term interest rate for convergence purposes - Euro,"Germany, Long-term interest rate for convergence purposes - Unspecified rate type, Debt security issued, 10 years maturity, New business coverage, denominated in Euro - Unspecified counterpart sector",PC,0
IRS.M.DE.L.L40.CI.0000.EUR.N.Z,M,DE,L,L40,CI,0000,EUR,N,Z,2016-11,0.19,A,F,,,P1M,,A,,,,,,,,,2,,,Long-term interest rate for convergence purposes - Euro,"Germany, Long-term interest rate for convergence purposes - Unspecified rate type, Debt security issued, 10 years maturity, New business coverage, denominated in Euro - Unspecified counterpart sector",PC,0
IRS.M.DE.L.L40.CI.0000.EUR.N.Z,M,DE,L,L40,CI,0000,EUR,N,Z,2016-12,0.25,A,F,,,P1M,,A,,,,,,,,,2,,,Long-term interest rate for convergence purposes - Euro,"Germany, Long-term interest rate for convergence purposes - Unspecified rate type, Debt security issued, 10 years maturity, New business coverage, denominated in Euro - Unspecified counterpart sector",PC,0
IRS.M.DE.L.L40.CI.0000.EUR.N.Z,M,DE,L,L40,CI,0000,EUR,N,Z,2017-01,0.25,A,F,,,P1M,,A,,,,,,,,,2,,,Long-term interest rate for convergence purposes - Euro,"Germany, Long-term interest rate for convergence purposes - Unspecified rate type, Debt security issued, 10 years maturity, New business coverage, denominated in Euro - Unspecified counterpart sector",PC,0
IRS.M.DE.L.L40.CI.0000.EUR.N.Z,M,DE,L,L40,CI,0000,EUR,N,Z,2017-02,0.26,A,F,,,P1M,,A,,,,,,,,,2,,,Long-term interest rate for convergence purposes - Euro,"Germany, Long-term interest rate for convergence purposes - Unspecified rate type, Debt security issued, 10 years maturity, New business coverage, denominated in Euro - Unspecified counterpart sector",PC,0
IRS.M.DE.L.L40.CI.0000.EUR.N.Z,M,DE,L,L40,CI,0000,EUR,N,Z,2017-03,0.35,A,F,,,P1M,,A,,,,,,,,,2,,,Long-term interest rate for convergence purposes - Euro,"Germany, Long-term interest rate for convergence purposes - Unspecified rate type, Debt security issued, 10 years maturity, New business coverage, denominated in Euro - Unspecified counterpart sector",PC,0
IRS.M.DE.L.L40.CI.0000.EUR.N.Z,M,DE,L,L40,CI,0000,EUR,N,Z,2017-04,0.22,A,F,,,P1M,,A,,,,,,,,,2,,,Long-term interest rate for convergence purposes - Euro,"Germany, Long-term interest rate for convergence purposes - Unspecified rate type, Debt security issued, 10 years maturity, New business coverage, denominated in Euro - Unspecified counterpart sector",PC,0
IRS.M.DE.L.L40.CI.0000.EUR.N.Z,M,DE,L,L40,CI,0000,EUR,N,Z,2017-05,0.34,A,F,,,P1M,,A,,,,,,,,,2,,,Long-term interest rate for convergence purposes - Euro,"Germany, Long-term interest rate for convergence purposes - Unspecified rate type, Debt security issued, 10 years maturity, New business coverage, denominated in Euro - Unspecified counterpart sector",PC,0
IRS.M.DE.L.L40.CI.0000.EUR.N.Z,M,DE,L,L40,CI,0000,EUR,N,Z,2017-06,0.25,A,F,,,P1M,,A,,,,,,,,,2,,,Long-term interest rate for convergence purposes - Euro,"Germany, Long-term interest rate for convergence purposes - Unspecified rate type, Debt security issued, 10 years maturity, New business coverage, denominated in Euro - Unspecified counterpart sector",PC,0
IRS.M.DE.L.L40.CI.0000.EUR.N.Z,M,DE,L,L40,CI,0000,EUR,N,Z,2017-07,0.46,A,F,,,P1M,,A,,,,,,,,,2,,,Long-term interest rate for convergence purposes - Euro,"Germany, Long-term interest rate for convergence purposes - Unspecified rate type, Debt security issued, 10 years maturity, New business coverage, denominated in Euro - Unspecified counterpart sector",PC,0
IRS.M.DE.L.L40.CI.0000.EUR.N.Z,M,DE,L,L40,CI,0000,EUR,N,Z,2017-08,0.35,A,F,,,P1M,,A,,,,,,,,,2,,,Long-term interest rate for convergence purposes - Euro,"Germany, Long-term interest rate for convergence purposes - Unspecified rate type, Debt security issued, 10 years maturity, New business coverage, denominated in Euro - Unspecified counterpart sector",PC,0
IRS.M.DE.L.L40.CI.0000.EUR.N.Z,M,DE,L,L40,CI,0000,EUR,N,Z,2017-09,0.35,A,F,,,P1M,,A,,,,,,,,,2,,,Long-term interest rate for convergence purposes - Euro,"Germany, Long-term interest rate for convergence purposes - Unspecified rate type, Debt security issued, 10 years maturity, New business coverage, denominated in Euro - Unspecified counterpart sector",PC,0
IRS.M.DE.L.L40.CI.0000.EUR.N.Z,M,DE,L,L40,CI,0000,EUR,N,Z,2017-10,0.37,A,F,,,P1M,,A,,,,,,,,,2,,,Long-term interest rate for convergence purposes - Euro,"Germany, Long-term interest rate for convergence purposes - Unspecified rate type, Debt security issued, 10 years maturity, New business coverage, denominated in Euro - Unspecified counterpart sector",PC,0
IRS.M.DE.L.L40.CI.0000.EUR.N.Z,M,DE,L,L40,CI,0000,EUR,N,Z,2017-11,0.31,A,F,,,P1M,,A,,,,,,,,,2,,,Long-term interest rate for convergence purposes - Euro,"Germany, Long-term interest rate for convergence purposes - Unspecified rate type, Debt security issued, 10 years maturity, New business coverage, denominated in Euro - Unspecified counterpart sector",PC,0
IRS.M.DE.L.L40.CI.0000.EUR.N.Z,M,DE,L,L40,CI,0000,EUR,N,Z,2017-12,0.3,A,F,,,P1M,,A,,,,,,,,,2,,,Long-term interest rate for convergence purposes - Euro,"Germany, Long-term interest rate for convergence purposes - Unspecified rate type, Debt security issued, 10 years maturity, New business coverage, denominated in Euro - Unspecified counterpart sector",PC,0
IRS.M.DE.L.L40.CI.0000.EUR.N.Z,M,DE,L,L40,CI,0000,EUR,N,Z,2018-01,0.47,A,F,,,P1M,,A,,,,,,,,,2,,,Long-term interest rate for convergence purposes - Euro,"Germany, Long-term interest rate for convergence purposes - Unspecified rate type, Debt security issued, 10 years maturity, New business coverage, denominated in Euro - Unspecified counterpart sector",PC,0
IRS.M.DE.L.L40.CI.0000.EUR.N.Z,M,DE,L,L40,CI,0000,EUR,N,Z,2018-02,0.66,A,F,,,P1M,,A,,,,,,,,,2,,,Long-term interest rate for convergence purposes - Euro,"Germany, Long-term interest rate for convergence purposes - Unspecified rate type, Debt security issued, 10 years maturity, New business coverage, denominated in Euro - Unspecified counterpart sector",PC,0
IRS.M.DE.L.L40.CI.0000.EUR.N.Z,M,DE,L,L40,CI,0000,EUR,N,Z,2018-03,0.53,A,F,,,P1M,,A,,,,,,,,,2,,,Long-term interest rate for convergence purposes - Euro,"Germany, Long-term interest rate for convergence purposes - Unspecified rate type, Debt security issued, 10 years maturity, New business coverage, denominated in Euro - Unspecified counterpart sector",PC,0
IRS.M.DE.L.L40.CI.0000.EUR.N.Z,M,DE,L,L40,CI,0000,EUR,N,Z,2018-04,0.48,A,F,,,P1M,,A,,,,,,,,,2,,,Long-term interest rate for convergence purposes - Euro,"Germany, Long-term interest rate for convergence purposes - Unspecified rate type, Debt security issued, 10 years maturity, New business coverage, denominated in Euro - Unspecified counterpart sector",PC,0
IRS.M.DE.L.L40.CI.0000.EUR.N.Z,M,DE,L,L40,CI,0000,EUR,N,Z,2018-05,0.45,A,F,,,P1M,,A,,,,,,,,,2,,,Long-term interest rate for convergence purposes - Euro,"Germany, Long-term interest rate for convergence purposes - Unspecified rate type, Debt security issued, 10 years maturity, New business coverage, denominated in Euro - Unspecified counterpart sector",PC,0
IRS.M.DE.L.L40.CI.0000.EUR.N.Z,M,DE,L,L40,CI,0000,EUR,N,Z,2018-06,0.33,A,F,,,P1M,,A,,,,,,,,,2,,,Long-term interest rate for convergence purposes - Euro,"Germany, Long-term interest rate for convergence purposes - Unspecified rate type, Debt security issued, 10 years maturity, New business coverage, denominated in Euro - Unspecified counterpart sector",PC,0
IRS.M.DE.L.L40.CI.0000.EUR.N.Z,M,DE,L,L40,CI,0000,EUR,N,Z,2018-07,0.28,A,F,,,P1M,,A,,,,,,,,,2,,,Long-term interest rate for convergence purposes - Euro,"Germany, Long-term interest rate for convergence purposes - Unspecified rate type, Debt security issued, 10 years maturity, New business coverage, denominated in Euro - Unspecified counterpart sector",PC,0
IRS.M.DE.L.L40.CI.0000.EUR.N.Z,M,DE,L,L40,CI,0000,EUR,N,Z,2018-08,0.29,A,F,,,P1M,,A,,,,,,,,,2,,,Long-term interest rate for convergence purposes - Euro,"Germany, Long-term interest rate for convergence purposes - Unspecified rate type, Debt security issued, 10 years maturity, New business coverage, denominated in Euro - Unspecified counterpart sector",PC,0
IRS.M.DE.L.L40.CI.0000.EUR.N.Z,M,DE,L,L40,CI,0000,EUR,N,Z,2018-09,0.37,A,F,,,P1M,,A,,,,,,,,,2,,,Long-term interest rate for convergence purposes - Euro,"Germany, Long-term interest rate for convergence purposes - Unspecified rate type, Debt security issued, 10 years maturity, New business coverage, denominated in Euro - Unspecified counterpart sector",PC,0
IRS.M.DE.L.L40.CI.0000.EUR.N.Z,M,DE,L,L40,CI,0000,EUR,N,Z,2018-10,0.4,A,F,,,P1M,,A,,,,,,,,,2,,,Long-term interest rate for convergence purposes - Euro,"Germany, Long-term interest rate for convergence purposes - Unspecified rate type, Debt security issued, 10 years maturity, New business coverage, denominated in Euro - Unspecified counterpart sector",PC,0
IRS.M.DE.L.L40.CI.0000.EUR.N.Z,M,DE,L,L40,CI,0000,EUR,N,Z,2018-11,0.31,A,F,,,P1M,,A,,,,,,,,,2,,,Long-term interest rate for convergence purposes - Euro,"Germany, Long-term interest rate for convergence purposes - Unspecified rate type, Debt security issued, 10 years maturity, New business coverage, denominated in Euro - Unspecified counterpart sector",PC,0
IRS.M.DE.L.L40.CI.0000.EUR.N.Z,M,DE,L,L40,CI,0000,EUR,N,Z,2018-12,0.19,A,F,,,P1M,,A,,,,,,,,,2,,,Long-term interest rate for convergence purposes - Euro,"Germany, Long-term interest rate for convergence purposes - Unspecified rate type, Debt security issued, 10 years maturity, New business coverage, denominated in Euro - Unspecified counterpart sector",PC,0
IRS.M.DE.L.L40.CI.0000.EUR.N.Z,M,DE,L,L40,CI,0000,EUR,N,Z,2019-01,0.13,A,F,,,P1M,,A,,,,,,,,,2,,,Long-term interest rate for convergence purposes - Euro,"Germany, Long-term interest rate for convergence purposes - Unspecified rate type, Debt security issued, 10 years maturity, New business coverage, denominated in Euro - Unspecified counterpart sector",PC,0
IRS.M.DE.L.L40.CI.0000.EUR.N.Z,M,DE,L,L40,CI,0000,EUR,N,Z,2019-02,0.06,A,F,,,P1M,,A,,,,,,,,,2,,,Long-term interest rate for convergence purposes - Euro,"Germany, Long-term interest rate for convergence purposes - Unspecified rate type, Debt security issued, 10 years maturity, New business coverage, denominated in Euro - Unspecified counterpart sector",PC,0
IRS.M.DE.L.L40.CI.0000.EUR.N.Z,M,DE,L,L40,CI,0000,EUR,N,Z,2019-03,0.01,A,F,,,P1M,,A,,,,,,,,,2,,,Long-term interest rate for convergence purposes - Euro,"Germany, Long-term interest rate for convergence purposes - Unspecified rate type, Debt security issued, 10 years maturity, New business coverage, denominated in Euro - Unspecified counterpart sector",PC,0
IRS.M.DE.L.L40.CI.0000.EUR.N.Z,M,DE,L,L40,CI,0000,EUR,N,Z,2019-04,-0.04,A,F,,,P1M,,A,,,,,,,,,2,,,Long-term interest rate for convergence purposes - Euro,"Germany, Long-term interest rate for convergence purposes - Unspecified rate type, Debt security issued, 10 years maturity, New business coverage, denominated in Euro - Unspecified counterpart sector",PC,0
IRS.M.DE.L.L40.CI.0000.EUR.N.Z,M,DE,L,L40,CI,0000,EUR,N,Z,2019-05,-0.13,A,F,,,P1M,,A,,,,,,,,,2,,,Long-term interest rate for convergence purposes - Euro,"Germany, Long-term interest rate for convergence purposes - Unspecified rate type, Debt security issued, 10 years maturity, New business coverage, denominated in Euro - Unspecified counterpart sector",PC,0
IRS.M.DE.L.L40.CI.0000.EUR.N.Z,M,DE,L,L40,CI,0000,EUR,N,Z,2019-06,-0.31,A,F,,,P1M,,A,,,,,,,,,2,,,Long-term interest rate for convergence purposes - Euro,"Germany, Long-term interest rate for convergence purposes - Unspecified rate type, Debt security issued, 10 years maturity, New business coverage, denominated in Euro - Unspecified counterpart sector",PC,0
IRS.M.DE.L.L40.CI.0000.EUR.N.Z,M,DE,L,L40,CI,0000,EUR,N,Z,2019-07,-0.39,A,F,,,P1M,,A,,,,,,,,,2,,,Long-term interest rate for convergence purposes - Euro,"Germany, Long-term interest rate for convergence purposes - Unspecified rate type, Debt security issued, 10 years maturity, New business coverage, denominated in Euro - Unspecified counterpart sector",PC,0
IRS.M.DE.L.L40.CI.0000.EUR.N.Z,M,DE,L,L40,CI,0000,EUR,N,Z,2019-08,-0.65,A,F,,,P1M,,A,,,,,,,,,2,,,Long-term interest rate for convergence purposes - Euro,"Germany, Long-term interest rate for convergence purposes - Unspecified rate type, Debt security issued, 10 years maturity, New business coverage, denominated in Euro - Unspecified counterpart sector",PC,0
IRS.M.DE.L.L40.CI.0000.EUR.N.Z,M,DE,L,L40,CI,0000,EUR,N,Z,2019-09,-0.59,A,F,,,P1M,,A,,,,,,,,,2,,,Long-term interest rate for convergence purposes - Euro,"Germany, Long-term interest rate for convergence purposes - Unspecified rate type, Debt security issued, 10 years maturity, New business coverage, denominated in Euro - Unspecified counterpart sector",PC,0
IRS.M.DE.L.L40.CI.0000.EUR.N.Z,M,DE,L,L40,CI,0000,EUR,N,Z,2019-10,-0.47,A,F,,,P1M,,A,,,,,,,,,2,,,Long-term interest rate for convergence purposes - Euro,"Germany, Long-term interest rate for convergence purposes - Unspecified rate type, Debt security issued, 10 years maturity, New business coverage, denominated in Euro - Unspecified counterpart sector",PC,0
IRS.M.DE.L.L40.CI.0000.EUR.N.Z,M,DE,L,L40,CI,0000,EUR,N,Z,2019-11,-0.35,A,F,,,P1M,,A,,,,,,,,,2,,,Long-term interest rate for convergence purposes - Euro,"Germany, Long-term interest rate for convergence purposes - Unspecified rate type, Debt security issued, 10 years maturity, New business coverage, denominated in Euro - Unspecified counterpart sector",PC,0
IRS.M.DE.L.L40.CI.0000.EUR.N.Z,M,DE,L,L40,CI,0000,EUR,N,Z,2019-12,-0.3,A,F,,,P1M,,A,,,,,,,,,2,,,Long-term interest rate for convergence purposes - Euro,"Germany, Long-term interest rate for convergence purposes - Unspecified rate type, Debt security issued, 10 years maturity, New business coverage, denominated in Euro - Unspecified counterpart sector",PC,0
IRS.M.DE.L.L40.CI.0000.EUR.N.Z,M,DE,L,L40,CI,0000,EUR,N,Z,2020-01,-0.31,A,F,,,P1M,,A,,,,,,,,,2,,,Long-term interest rate for convergence purposes - Euro,"Germany, Long-term interest rate for convergence purposes - Unspecified rate type, Debt security issued, 10 years maturity, New business coverage, denominated in Euro - Unspecified counterpart sector",PC,0
IRS.M.DE.L.L40.CI.0000.EUR.N.Z,M,DE,L,L40,CI,0000,EUR,N,Z,2020-02,-0.47,A,F,,,P1M,,A,,,,,,,,,2,,,Long-term interest rate for convergence purposes - Euro,"Germany, Long-term interest rate for convergence purposes - Unspecified rate type, Debt security issued, 10 years maturity, New business coverage, denominated in Euro - Unspecified counterpart sector",PC,0
IRS.M.DE.L.L40.CI.0000.EUR.N.Z,M,DE,L,L40,CI,0000,EUR,N,Z,2020-03,-0.54,A,F,,,P1M,,A,,,,,,,,,2,,,Long-term interest rate for convergence purposes - Euro,"Germany, Long-term interest rate for convergence purposes - Unspecified rate type, Debt security issued, 10 years maturity, New business coverage, denominated in Euro - Unspecified counterpart sector",PC,0
IRS.M.DE.L.L40.CI.0000.EUR.N.Z,M,DE,L,L40,CI,0000,EUR,N,Z,2020-04,-0.45,A,F,,,P1M,,A,,,,,,,,,2,,,Long-term interest rate for convergence purposes - Euro,"Germany, Long-term interest rate for convergence purposes - Unspecified rate type, Debt security issued, 10 years maturity, New business coverage, denominated in Euro - Unspecified counterpart sector",PC,0
IRS.M.DE.L.L40.CI.0000.EUR.N.Z,M,DE,L,L40,CI,0000,EUR,N,Z,2020-05,-0.516,A,F,,,P1M,,A,,,,,,,,,2,,,Long-term interest rate for convergence purposes - Euro,"Germany, Long-term interest rate for convergence purposes - Unspecified rate type, Debt security issued, 10 years maturity, New business coverage, denominated in Euro - Unspecified counterpart sector",PC,0
IRS.M.DE.L.L40.CI.0000.EUR.N.Z,M,DE,L,L40,CI,0000,EUR,N,Z,2020-06,-0.434,A,F,,,P1M,,A,,,,,,,,,2,,,Long-term interest rate for convergence purposes - Euro,"Germany, Long-term interest rate for convergence purposes - Unspecified rate type, Debt security issued, 10 years maturity, New business coverage, denominated in Euro - Unspecified counterpart sector",PC,0
IRS.M.DE.L.L40.CI.0000.EUR.N.Z,M,DE,L,L40,CI,0000,EUR,N,Z,2020-07,-0.523,A,F,,,P1M,,A,,,,,,,,,2,,,Long-term interest rate for convergence purposes - Euro,"Germany, Long-term interest rate for convergence purposes - Unspecified rate type, Debt security issued, 10 years maturity, New business coverage, denominated in Euro - Unspecified counterpart sector",PC,0
IRS.M.DE.L.L40.CI.0000.EUR.N.Z,M,DE,L,L40,CI,0000,EUR,N,Z,2020-08,-0.522,A,F,,,P1M,,A,,,,,,,,,2,,,Long-term interest rate for convergence purposes - Euro,"Germany, Long-term interest rate for convergence purposes - Unspecified rate type, Debt security issued, 10 years maturity, New business coverage, denominated in Euro - Unspecified counterpart sector",PC,0
IRS.M.DE.L.L40.CI.0000.EUR.N.Z,M,DE,L,L40,CI,0000,EUR,N,Z,2020-09,-0.524,A,F,,,P1M,,A,,,,,,,,,2,,,Long-term interest rate for convergence purposes - Euro,"Germany, Long-term interest rate for convergence purposes - Unspecified rate type, Debt security issued, 10 years maturity, New business coverage, denominated in Euro - Unspecified counterpart sector",PC,0
IRS.M.DE.L.L40.CI.0000.EUR.N.Z,M,DE,L,L40,CI,0000,EUR,N,Z,2020-10,-0.607,A,F,,,P1M,,A,,,,,,,,,2,,,Long-term interest rate for convergence purposes - Euro,"Germany, Long-term interest rate for convergence purposes - Unspecified rate type, Debt security issued, 10 years maturity, New business coverage, denominated in Euro - Unspecified counterpart sector",PC,0
IRS.M.DE.L.L40.CI.0000.EUR.N.Z,M,DE,L,L40,CI,0000,EUR,N,Z,2020-11,-0.614,A,F,,,P1M,,A,,,,,,,,,2,,,Long-term interest rate for convergence purposes - Euro,"Germany, Long-term interest rate for convergence purposes - Unspecified rate type, Debt security issued, 10 years maturity, New business coverage, denominated in Euro - Unspecified counterpart sector",PC,0
IRS.M.DE.L.L40.CI.0000.EUR.N.Z,M,DE,L,L40,CI,0000,EUR,N,Z,2020-12,-0.618,A,F,,,P1M,,A,,,,,,,,,2,,,Long-term interest rate for convergence purposes - Euro,"Germany, Long-term interest rate for convergence purposes - Unspecified rate type, Debt security issued, 10 years maturity, New business coverage, denominated in Euro - Unspecified counterpart sector",PC,0
IRS.M.DE.L.L40.CI.0000.EUR.N.Z,M,DE,L,L40,CI,0000,EUR,N,Z,2021-01,-0.583,A,F,,,P1M,,A,,,,,,,,,2,,,Long-term interest rate for convergence purposes - Euro,"Germany, Long-term interest rate for convergence purposes - Unspecified rate type, Debt security issued, 10 years maturity, New business coverage, denominated in Euro - Unspecified counterpart sector",PC,0
IRS.M.DE.L.L40.CI.0000.EUR.N.Z,M,DE,L,L40,CI,0000,EUR,N,Z,2021-02,-0.446,A,F,,,P1M,,A,,,,,,,,,2,,,Long-term interest rate for convergence purposes - Euro,"Germany, Long-term interest rate for convergence purposes - Unspecified rate type, Debt security issued, 10 years maturity, New business coverage, denominated in Euro - Unspecified counterpart sector",PC,0
IRS.M.DE.L.L40.CI.0000.EUR.N.Z,M,DE,L,L40,CI,0000,EUR,N,Z,2021-03,-0.364,A,F,,,P1M,,A,,,,,,,,,2,,,Long-term interest rate for convergence purposes - Euro,"Germany, Long-term interest rate for convergence purposes - Unspecified rate type, Debt security issued, 10 years maturity, New business coverage, denominated in Euro - Unspecified counterpart sector",PC,0
IRS.M.DE.L.L40.CI.0000.EUR.N.Z,M,DE,L,L40,CI,0000,EUR,N,Z,2021-04,-0.325,A,F,,,P1M,,A,,,,,,,,,2,,,Long-term interest rate for convergence purposes - Euro,"Germany, Long-term interest rate for convergence purposes - Unspecified rate type, Debt security issued, 10 years maturity, New business coverage, denominated in Euro - Unspecified counterpart sector",PC,0
IRS.M.DE.L.L40.CI.0000.EUR.N.Z,M,DE,L,L40,CI,0000,EUR,N,Z,2021-05,-0.223,A,F,,,P1M,,A,,,,,,,,,2,,,Long-term interest rate for convergence purposes - Euro,"Germany, Long-term interest rate for convergence purposes - Unspecified rate type, Debt security issued, 10 years maturity, New business coverage, denominated in Euro - Unspecified counterpart sector",PC,0
IRS.M.DE.L.L40.CI.0000.EUR.N.Z,M,DE,L,L40,CI,0000,EUR,N,Z,2021-06,-0.288,A,F,,,P1M,,A,,,,,,,,,2,,,Long-term interest rate for convergence purposes - Euro,"Germany, Long-term interest rate for convergence purposes - Unspecified rate type, Debt security issued, 10 years maturity, New business coverage, denominated in Euro - Unspecified counterpart sector",PC,0
IRS.M.DE.L.L40.CI.0000.EUR.N.Z,M,DE,L,L40,CI,0000,EUR,N,Z,2021-07,-0.45,A,F,,,P1M,,A,,,,,,,,,2,,,Long-term interest rate for convergence purposes - Euro,"Germany, Long-term interest rate for convergence purposes - Unspecified rate type, Debt security issued, 10 years maturity, New business coverage, denominated in Euro - Unspecified counterpart sector",PC,0
IRS.M.DE.L.L40.CI.0000.EUR.N.Z,M,DE,L,L40,CI,0000,EUR,N,Z,2021-08,-0.539,A,F,,,P1M,,A,,,,,,,,,2,,,Long-term interest rate for convergence purposes - Euro,"Germany, Long-term interest rate for convergence purposes - Unspecified rate type, Debt security issued, 10 years maturity, New business coverage, denominated in Euro - Unspecified counterpart sector",PC,0
IRS.M.DE.L.L40.CI.0000.EUR.N.Z,M,DE,L,L40,CI,0000,EUR,N,Z,2021-09,-0.363,A,F,,,P1M,,A,,,,,,,,,2,,,Long-term interest rate for convergence purposes - Euro,"Germany, Long-term interest rate for convergence purposes - Unspecified rate type, Debt security issued, 10 years maturity, New business coverage, denominated in Euro - Unspecified counterpart sector",PC,0
IRS.M.DE.L.L40.CI.0000.EUR.N.Z,M,DE,L,L40,CI,0000,EUR,N,Z,2021-10,-0.206,A,F,,,P1M,,A,,,,,,,,,2,,,Long-term interest rate for convergence purposes - Euro,"Germany, Long-term interest rate for convergence purposes - Unspecified rate type, Debt security issued, 10 years maturity, New business coverage, denominated in Euro - Unspecified counterpart sector",PC,0
IRS.M.DE.L.L40.CI.0000.EUR.N.Z,M,DE,L,L40,CI,0000,EUR,N,Z,2021-11,-0.312,A,F,,,P1M,,A,,,,,,,,,2,,,Long-term interest rate for convergence purposes - Euro,"Germany, Long-term interest rate for convergence purposes - Unspecified rate type, Debt security issued, 10 years maturity, New business coverage, denominated in Euro - Unspecified counterpart sector",PC,0
IRS.M.DE.L.L40.CI.0000.EUR.N.Z,M,DE,L,L40,CI,0000,EUR,N,Z,2021-12,-0.383,A,F,,,P1M,,A,,,,,,,,,2,,,Long-term interest rate for convergence purposes - Euro,"Germany, Long-term interest rate for convergence purposes - Unspecified rate type, Debt security issued, 10 years maturity, New business coverage, denominated in Euro - Unspecified counterpart sector",PC,0
IRS.M.DE.L.L40.CI.0000.EUR.N.Z,M,DE,L,L40,CI,0000,EUR,N,Z,2022-01,-0.115,A,F,,,P1M,,A,,,,,,,,,2,,,Long-term interest rate for convergence purposes - Euro,"Germany, Long-term interest rate for convergence purposes - Unspecified rate type, Debt security issued, 10 years maturity, New business coverage, denominated in Euro - Unspecified counterpart sector",PC,0
IRS.M.DE.L.L40.CI.0000.EUR.N.Z,M,DE,L,L40,CI,0000,EUR,N,Z,2022-02,0.15,A,F,,,P1M,,A,,,,,,,,,2,,,Long-term interest rate for convergence purposes - Euro,"Germany, Long-term interest rate for convergence purposes - Unspecified rate type, Debt security issued, 10 years maturity, New business coverage, denominated in Euro - Unspecified counterpart sector",PC,0
IRS.M.DE.L.L40.CI.0000.EUR.N.Z,M,DE,L,L40,CI,0000,EUR,N,Z,2022-03,0.282,A,F,,,P1M,,A,,,,,,,,,2,,,Long-term interest rate for convergence purposes - Euro,"Germany, Long-term interest rate for convergence purposes - Unspecified rate type, Debt security issued, 10 years maturity, New business coverage, denominated in Euro - Unspecified counterpart sector",PC,0
IRS.M.DE.L.L40.CI.0000.EUR.N.Z,M,DE,L,L40,CI,0000,EUR,N,Z,2022-04,0.745,A,F,,,P1M,,A,,,,,,,,,2,,,Long-term interest rate for convergence purposes - Euro,"Germany, Long-term interest rate for convergence purposes - Unspecified rate type, Debt security issued, 10 years maturity, New business coverage, denominated in Euro - Unspecified counterpart sector",PC,0
IRS.M.DE.L.L40.CI.0000.EUR.N.Z,M,DE,L,L40,CI,0000,EUR,N,Z,2022-05,0.953,A,F,,,P1M,,A,,,,,,,,,2,,,Long-term interest rate for convergence purposes - Euro,"Germany, Long-term interest rate for convergence purposes - Unspecified rate type, Debt security issued, 10 years maturity, New business coverage, denominated in Euro - Unspecified counterpart sector",PC,0
IRS.M.DE.L.L40.CI.0000.EUR.N.Z,M,DE,L,L40,CI,0000,EUR,N,Z,2022-06,1.446,A,F,,,P1M,,A,,,,,,,,,2,,,Long-term interest rate for convergence purposes - Euro,"Germany, Long-term interest rate for convergence purposes - Unspecified rate type, Debt security issued, 10 years maturity, New business coverage, denominated in Euro - Unspecified counterpart sector",PC,0
IRS.M.DE.L.L40.CI.0000.EUR.N.Z,M,DE,L,L40,CI,0000,EUR,N,Z,2022-07,1.082,A,F,,,P1M,,A,,,,,,,,,2,,,Long-term interest rate for convergence purposes - Euro,"Germany, Long-term interest rate for convergence purposes - Unspecified rate type, Debt security issued, 10 years maturity, New business coverage, denominated in Euro - Unspecified counterpart sector",PC,0
IRS.M.DE.L.L40.CI.0000.EUR.N.Z,M,DE,L,L40,CI,0000,EUR,N,Z,2022-08,1.033,A,F,,,P1M,,A,,,,,,,,,2,,,Long-term interest rate for convergence purposes - Euro,"Germany, Long-term interest rate for convergence purposes - Unspecified rate type, Debt security issued, 10 years maturity, New business coverage, denominated in Euro - Unspecified counterpart sector",PC,0
IRS.M.DE.L.L40.CI.0000.EUR.N.Z,M,DE,L,L40,CI,0000,EUR,N,Z,2022-09,1.796,A,F,,,P1M,,A,,,,,,,,,2,,,Long-term interest rate for convergence purposes - Euro,"Germany, Long-term interest rate for convergence purposes - Unspecified rate type, Debt security issued, 10 years maturity, New business coverage, denominated in Euro - Unspecified counterpart sector",PC,0
IRS.M.DE.L.L40.CI.0000.EUR.N.Z,M,DE,L,L40,CI,0000,EUR,N,Z,2022-10,2.186,A,F,,,P1M,,A,,,,,,,,,2,,,Long-term interest rate for convergence purposes - Euro,"Germany, Long-term interest rate for convergence purposes - Unspecified rate type, Debt security issued, 10 years maturity, New business coverage, denominated in Euro - Unspecified counterpart sector",PC,0
IRS.M.DE.L.L40.CI.0000.EUR.N.Z,M,DE,L,L40,CI,0000,EUR,N,Z,2022-11,2.066,A,F,,,P1M,,A,,,,,,,,,2,,,Long-term interest rate for convergence purposes - Euro,"Germany, Long-term interest rate for convergence purposes - Unspecified rate type, Debt security issued, 10 years maturity, New business coverage, denominated in Euro - Unspecified counterpart sector",PC,0
IRS.M.DE.L.L40.CI.0000.EUR.N.Z,M,DE,L,L40,CI,0000,EUR,N,Z,2022-12,2.085,A,F,,,P1M,,A,,,,,,,,,2,,,Long-term interest rate for convergence purposes - Euro,"Germany, Long-term interest rate for convergence purposes - Unspecified rate type, Debt security issued, 10 years maturity, New business coverage, denominated in Euro - Unspecified counterpart sector",PC,0
IRS.M.DE.L.L40.CI.0000.EUR.N.Z,M,DE,L,L40,CI,0000,EUR,N,Z,2023-01,2.192,A,F,,,P1M,,A,,,,,,,,,2,,,Long-term interest rate for convergence purposes - Euro,"Germany, Long-term interest rate for convergence purposes - Unspecified rate type, Debt security issued, 10 years maturity, New business coverage, denominated in Euro - Unspecified counterpart sector",PC,0
IRS.M.DE.L.L40.CI.0000.EUR.N.Z,M,DE,L,L40,CI,0000,EUR,N,Z,2023-02,2.37,A,F,,,P1M,,A,,,,,,,,,2,,,Long-term interest rate for convergence purposes - Euro,"Germany, Long-term interest rate for convergence purposes - Unspecified rate type, Debt security issued, 10 years maturity, New business coverage, denominated in Euro - Unspecified counterpart sector",PC,0
IRS.M.DE.L.L40.CI.0000.EUR.N.Z,M,DE,L,L40,CI,0000,EUR,N,Z,2023-03,2.383,A,F,,,P1M,,A,,,,,,,,,2,,,Long-term interest rate for convergence purposes - Euro,"Germany, Long-term interest rate for convergence purposes - Unspecified rate type, Debt security issued, 10 years maturity, New business coverage, denominated in Euro - Unspecified counterpart sector",PC,0
IRS.M.DE.L.L40.CI.0000.EUR.N.Z,M,DE,L,L40,CI,0000,EUR,N,Z,2023-04,2.359,A,F,,,P1M,,A,,,,,,,,,2,,,Long-term interest rate for convergence purposes - Euro,"Germany, Long-term interest rate for convergence purposes - Unspecified rate type, Debt security issued, 10 years maturity, New business coverage, denominated in Euro - Unspecified counterpart sector",PC,0
IRS.M.DE.L.L40.CI.0000.EUR.N.Z,M,DE,L,L40,CI,0000,EUR,N,Z,2023-05,2.341,A,F,,,P1M,,A,,,,,,,,,2,,,Long-term interest rate for convergence purposes - Euro,"Germany, Long-term interest rate for convergence purposes - Unspecified rate type, Debt security issued, 10 years maturity, New business coverage, denominated in Euro - Unspecified counterpart sector",PC,0
IRS.M.DE.L.L40.CI.0000.EUR.N.Z,M,DE,L,L40,CI,0000,EUR,N,Z,2023-06,2.377,A,F,,,P1M,,A,,,,,,,,,2,,,Long-term interest rate for convergence purposes - Euro,"Germany, Long-term interest rate for convergence purposes - Unspecified rate type, Debt security issued, 10 years maturity, New business coverage, denominated in Euro - Unspecified counterpart sector",PC,0
IRS.M.DE.L.L40.CI.0000.EUR.N.Z,M,DE,L,L40,CI,0000,EUR,N,Z,2023-07,2.457,A,F,,,P1M,,A,,,,,,,,,2,,,Long-term interest rate for convergence purposes - Euro,"Germany, Long-term interest rate for convergence purposes - Unspecified rate type, Debt security issued, 10 years maturity, New business coverage, denominated in Euro - Unspecified counterpart sector",PC,0
IRS.M.DE.L.L40.CI.0000.EUR.N.Z,M,DE,L,L40,CI,0000,EUR,N,Z,2023-08,2.545,A,F,,,P1M,,A,,,,,,,,,2,,,Long-term interest rate for convergence purposes - Euro,"Germany, Long-term interest rate for convergence purposes - Unspecified rate type, Debt security issued, 10 years maturity, New business coverage, denominated in Euro - Unspecified counterpart sector",PC,0
IRS.M.DE.L.L40.CI.0000.EUR.N.Z,M,DE,L,L40,CI,0000,EUR,N,Z,2023-09,2.66,A,F,,,P1M,,A,,,,,,,,,2,,,Long-term interest rate for convergence purposes - Euro,"Germany, Long-term interest rate for convergence purposes - Unspecified rate type, Debt security issued, 10 years maturity, New business coverage, denominated in Euro - Unspecified counterpart sector",PC,0
IRS.M.DE.L.L40.CI.0000.EUR.N.Z,M,DE,L,L40,CI,0000,EUR,N,Z,2023-10,2.823,A,F,,,P1M,,A,,,,,,,,,2,,,Long-term interest rate for convergence purposes - Euro,"Germany, Long-term interest rate for convergence purposes - Unspecified rate type, Debt security issued, 10 years maturity, New business coverage, denominated in Euro - Unspecified counterpart sector",PC,0
IRS.M.DE.L.L40.CI.0000.EUR.N.Z,M,DE,L,L40,CI,0000,EUR,N,Z,2023-11,2.602,A,F,,,P1M,,A,,,,,,,,,2,,,Long-term interest rate for convergence purposes - Euro,"Germany, Long-term interest rate for convergence purposes - Unspecified rate type, Debt security issued, 10 years maturity, New business coverage, denominated in Euro - Unspecified counterpart sector",PC,0
IRS.M.DE.L.L40.CI.0000.EUR.N.Z,M,DE,L,L40,CI,0000,EUR,N,Z,2023-12,2.101,A,F,,,P1M,,A,,,,,,,,,2,,,Long-term interest rate for convergence purposes - Euro,"Germany, Long-term interest rate for convergence purposes - Unspecified rate type, Debt security issued, 10 years maturity, New business coverage, denominated in Euro - Unspecified counterpart sector",PC,0
IRS.M.DE.L.L40.CI.0000.EUR.N.Z,M,DE,L,L40,CI,0000,EUR,N,Z,2024-01,2.175,A,F,,,P1M,,A,,,,,,,,,2,,,Long-term interest rate for convergence purposes - Euro,"Germany, Long-term interest rate for convergence purposes - Unspecified rate type, Debt security issued, 10 years maturity, New business coverage, denominated in Euro - Unspecified counterpart sector",PC,0
IRS.M.DE.L.L40.CI.0000.EUR.N.Z,M,DE,L,L40,CI,0000,EUR,N,Z,2024-02,2.331,A,F,,,P1M,,A,,,,,,,,,2,,,Long-term interest rate for convergence purposes - Euro,"Germany, Long-term interest rate for convergence purposes - Unspecified rate type, Debt security issued, 10 years maturity, New business coverage, denominated in Euro - Unspecified counterpart sector",PC,0
IRS.M.DE.L.L40.CI.0000.EUR.N.Z,M,DE,L,L40,CI,0000,EUR,N,Z,2024-03,2.349,A,F,,,P1M,,A,,,,,,,,,2,,,Long-term interest rate for convergence purposes - Euro,"Germany, Long-term interest rate for convergence purposes - Unspecified rate type, Debt security issued, 10 years maturity, New business coverage, denominated in Euro - Unspecified counterpart sector",PC,0
IRS.M.DE.L.L40.CI.0000.EUR.N.Z,M,DE,L,L40,CI,0000,EUR,N,Z,2024-04,2.446,A,F,,,P1M,,A,,,,,,,,,2,,,Long-term interest rate for convergence purposes - Euro,"Germany, Long-term interest rate for convergence purposes - Unspecified rate type, Debt security issued, 10 years maturity, New business coverage, denominated in Euro - Unspecified counterpart sector",PC,0
IRS.M.DE.L.L40.CI.0000.EUR.N.Z,M,DE,L,L40,CI,0000,EUR,N,Z,2024-05,2.518,A,F,,,P1M,,A,,,,,,,,,2,,,Long-term interest rate for convergence purposes - Euro,"Germany, Long-term interest rate for convergence purposes - Unspecified rate type, Debt security issued, 10 years maturity, New business coverage, denominated in Euro - Unspecified counterpart sector",PC,0
IRS.M.DE.L.L40.CI.0000.EUR.N.Z,M,DE,L,L40,CI,0000,EUR,N,Z,2024-06,2.484,A,F,,,P1M,,A,,,,,,,,,2,,,Long-term interest rate for convergence purposes - Euro,"Germany, Long-term interest rate for convergence purposes - Unspecified rate type, Debt security issued, 10 years maturity, New business coverage, denominated in Euro - Unspecified counterpart sector",PC,0
IRS.M.DE.L.L40.CI.0000.EUR.N.Z,M,DE,L,L40,CI,0000,EUR,N,Z,2024-07,2.458,A,F,,,P1M,,A,,,,,,,,,2,,,Long-term interest rate for convergence purposes - Euro,"Germany, Long-term interest rate for convergence purposes - Unspecified rate type, Debt security issued, 10 years maturity, New business coverage, denominated in Euro - Unspecified counterpart sector",PC,0
IRS.M.DE.L.L40.CI.0000.EUR.N.Z,M,DE,L,L40,CI,0000,EUR,N,Z,2024-08,2.208,A,F,,,P1M,,A,,,,,,,,,2,,,Long-term interest rate for convergence purposes - Euro,"Germany, Long-term interest rate for convergence purposes - Unspecified rate type, Debt security issued, 10 years maturity, New business coverage, denominated in Euro - Unspecified counterpart sector",PC,0
IRS.M.DE.L.L40.CI.0000.EUR.N.Z,M,DE,L,L40,CI,0000,EUR,N,Z,2024-09,2.166,A,F,,,P1M,,A,,,,,,,,,2,,,Long-term interest rate for convergence purposes - Euro,"Germany, Long-term interest rate for convergence purposes - Unspecified rate type, Debt security issued, 10 years maturity, New business coverage, denominated in Euro - Unspecified counterpart sector",PC,0
IRS.M.DE.L.L40.CI.0000.EUR.N.Z,M,DE,L,L40,CI,0000,EUR,N,Z,2024-10,2.228,A,F,,,P1M,,A,,,,,,,,,2,,,Long-term interest rate for convergence purposes - Euro,"Germany, Long-term interest rate for convergence purposes - Unspecified rate type, Debt security issued, 10 years maturity, New business coverage, denominated in Euro - Unspecified counterpart sector",PC,0
IRS.M.DE.L.L40.CI.0000.EUR.N.Z,M,DE,L,L40,CI,0000,EUR,N,Z,2024-11,2.305,A,F,,,P1M,,A,,,,,,,,,2,,,Long-term interest rate for convergence purposes - Euro,"Germany, Long-term interest rate for convergence purposes - Unspecified rate type, Debt security issued, 10 years maturity, New business coverage, denominated in Euro - Unspecified counterpart sector",PC,0
IRS.M.DE.L.L40.CI.0000.EUR.N.Z,M,DE,L,L40,CI,0000,EUR,N,Z,2024-12,2.178,A,F,,,P1M,,A,,,,,,,,,2,,,Long-term interest rate for convergence purposes - Euro,"Germany, Long-term interest rate for convergence purposes - Unspecified rate type, Debt security issued, 10 years maturity, New business coverage, denominated in Euro - Unspecified counterpart sector",PC,0
IRS.M.DE.L.L40.CI.0000.EUR.N.Z,M,DE,L,L40,CI,0000,EUR,N,Z,2025-01,2.484,A,F,,,P1M,,A,,,,,,,,,2,,,Long-term interest rate for convergence purposes - Euro,"Germany, Long-term interest rate for convergence purposes - Unspecified rate type, Debt security issued, 10 years maturity, New business coverage, denominated in Euro - Unspecified counterpart sector",PC,0
IRS.M.DE.L.L40.CI.0000.EUR.N.Z,M,DE,L,L40,CI,0000,EUR,N,Z,2025-02,2.405,A,F,,,P1M,,A,,,,,,,,,2,,,Long-term interest rate for convergence purposes - Euro,"Germany, Long-term interest rate for convergence purposes - Unspecified rate type, Debt security issued, 10 years maturity, New business coverage, denominated in Euro - Unspecified counterpart sector",PC,0
IRS.M.DE.L.L40.CI.0000.EUR.N.Z,M,DE,L,L40,CI,0000,EUR,N,Z,2025-03,2.741,A,F,,,P1M,,A,,,,,,,,,2,,,Long-term interest rate for convergence purposes - Euro,"Germany, Long-term interest rate for convergence purposes - Unspecified rate type, Debt security issued, 10 years maturity, New business coverage, denominated in Euro - Unspecified counterpart sector",PC,0
IRS.M.DE.L.L40.CI.0000.EUR.N.Z,M,DE,L,L40,CI,0000,EUR,N,Z,2025-04,2.511,A,F,,,P1M,,A,,,,,,,,,2,,,Long-term interest rate for convergence purposes - Euro,"Germany, Long-term interest rate for convergence purposes - Unspecified rate type, Debt security issued, 10 years maturity, New business coverage, denominated in Euro - Unspecified counterpart sector",PC,0
IRS.M.DE.L.L40.CI.0000.EUR.N.Z,M,DE,L,L40,CI,0000,EUR,N,Z,2025-05,2.562,A,F,,,P1M,,A,,,,,,,,,2,,,Long-term interest rate for convergence purposes - Euro,"Germany, Long-term interest rate for convergence purposes - Unspecified rate type, Debt security issued, 10 years maturity, New business coverage, denominated in Euro - Unspecified counterpart sector",PC,0
IRS.M.DE.L.L40.CI.0000.EUR.N.Z,M,DE,L,L40,CI,0000,EUR,N,Z,2025-06,2.52,A,F,,,P1M,,A,,,,,,,,,2,,,Long-term interest rate for convergence purposes - Euro,"Germany, Long-term interest rate for convergence purposes - Unspecified rate type, Debt security issued, 10 years maturity, New business coverage, denominated in Euro - Unspecified counterpart sector",PC,0
IRS.M.DE.L.L40.CI.0000.EUR.N.Z,M,DE,L,L40,CI,0000,EUR,N,Z,2025-07,2.631,A,F,,,P1M,,A,,,,,,,,,2,,,Long-term interest rate for convergence purposes - Euro,"Germany, Long-term interest rate for convergence purposes - Unspecified rate type, Debt security issued, 10 years maturity, New business coverage, denominated in Euro - Unspecified counterpart sector",PC,0
IRS.M.DE.L.L40.CI.0000.EUR.N.Z,M,DE,L,L40,CI,0000,EUR,N,Z,2025-08,2.674,A,F,,,P1M,,A,,,,,,,,,2,,,Long-term interest rate for convergence purposes - Euro,"Germany, Long-term interest rate for convergence purposes - Unspecified rate type, Debt security issued, 10 years maturity, New business coverage, denominated in Euro - Unspecified counterpart sector",PC,0
IRS.M.DE.L.L40.CI.0000.EUR.N.Z,M,DE,L,L40,CI,0000,EUR,N,Z,2025-09,2.693,A,F,,,P1M,,A,,,,,,,,,2,,,Long-term interest rate for convergence purposes - Euro,"Germany, Long-term interest rate for convergence purposes - Unspecified rate type, Debt security issued, 10 years maturity, New business coverage, denominated in Euro - Unspecified counterpart sector",PC,0
IRS.M.DE.L.L40.CI.0000.EUR.N.Z,M,DE,L,L40,CI,0000,EUR,N,Z,2025-10,2.617,A,F,,,P1M,,A,,,,,,,,,2,,,Long-term interest rate for convergence purposes - Euro,"Germany, Long-term interest rate for convergence purposes - Unspecified rate type, Debt security issued, 10 years maturity, New business coverage, denominated in Euro - Unspecified counterpart sector",PC,0
IRS.M.DE.L.L40.CI.0000.EUR.N.Z,M,DE,L,L40,CI,0000,EUR,N,Z,2025-11,2.657,A,F,,,P1M,,A,,,,,,,,,2,,,Long-term interest rate for convergence purposes - Euro,"Germany, Long-term interest rate for convergence purposes - Unspecified rate type, Debt security issued, 10 years maturity, New business coverage, denominated in Euro - Unspecified counterpart sector",PC,0
IRS.M.DE.L.L40.CI.0000.EUR.N.Z,M,DE,L,L40,CI,0000,EUR,N,Z,2025-12,2.813,A,F,,,P1M,,A,,,,,,,,,2,,,Long-term interest rate for convergence purposes - Euro,"Germany, Long-term interest rate for convergence purposes - Unspecified rate type, Debt security issued, 10 years maturity, New business coverage, denominated in Euro - Unspecified counterpart sector",PC,0
IRS.M.DE.L.L40.CI.0000.EUR.N.Z,M,DE,L,L40,CI,0000,EUR,N,Z,2026-01,2.807,A,F,,,P1M,,A,,,,,,,,,2,,,Long-term interest rate for convergence purposes - Euro,"Germany, Long-term interest rate for convergence purposes - Unspecified rate type, Debt security issued, 10 years maturity, New business coverage, denominated in Euro - Unspecified counterpart sector",PC,0
IRS.M.DE.L.L40.CI.0000.EUR.N.Z,M,DE,L,L40,CI,0000,EUR,N,Z,2026-02,2.744,A,F,,,P1M,,A,,,,,,,,,2,,,Long-term interest rate for convergence purposes - Euro,"Germany, Long-term interest rate for convergence purposes - Unspecified rate type, Debt security issued, 10 years maturity, New business coverage, denominated in Euro - Unspecified counterpart sector",PC,0
IRS.M.DE.L.L40.CI.0000.EUR.N.Z,M,DE,L,L40,CI,0000,EUR,N,Z,2026-03,2.91,A,F,,,P1M,,A,,,,,,,,,2,,,Long-term interest rate for convergence purposes - Euro,"Germany, Long-term interest rate for convergence purposes - Unspecified rate type, Debt security issued, 10 years maturity, New business coverage, denominated in Euro - Unspecified counterpart sector",PC,0
IRS.M.DE.L.L40.CI.0000.EUR.N.Z,M,DE,L,L40,CI,0000,EUR,N,Z,2026-04,3,A,F,,,P1M,,A,,,,,,,,,2,,,Long-term interest rate for convergence purposes - Euro,"Germany, Long-term interest rate for convergence purposes - Unspecified rate type, Debt security issued, 10 years maturity, New business coverage, denominated in Euro - Unspecified counterpart sector",PC,0
IRS.M.DE.L.L40.CI.0000.EUR.N.Z,M,DE,L,L40,CI,0000,EUR,N,Z,2026-05,3.045,A,F,,,P1M,,A,,,,,,,,,2,,,Long-term interest rate for convergence purposes - Euro,"Germany, Long-term interest rate for convergence purposes - Unspecified rate type, Debt security issued, 10 years maturity, New business coverage, denominated in Euro - Unspecified counterpart sector",PC,0
IRS.M.DE.L.L40.CI.0000.EUR.N.Z,M,DE,L,L40,CI,0000,EUR,N,Z,2026-06,2.964,A,F,,,P1M,,A,,,,,,,,,2,,,Long-term interest rate for convergence purposes - Euro,"Germany, Long-term interest rate for convergence purposes - Unspecified rate type, Debt security issued, 10 years maturity, New business coverage, denominated in Euro - Unspecified counterpart sector",PC,0
IRS.M.DE.L.L40.CI.0000.EUR.N.Z,M,DE,L,L40,CI,0000,EUR,N,Z,2026-07,3.07,A,F,,,P1M,,A,,,,,,,,,2,,,Long-term interest rate for convergence purposes - Euro,"Germany, Long-term interest rate for convergence purposes - Unspecified rate type, Debt security issued, 10 years maturity, New business coverage, denominated in Euro - Unspecified counterpart sector",PC,0
IRS.M.DE.L.L40.CI.0000.EUR.N.Z,M,DE,L,L40,CI,0000,EUR,N,Z,2026-08,3.185,A,F,,,P1M,,A,,,,,,,,,2,,,Long-term interest rate for convergence purposes - Euro,"Germany, Long-term interest rate for convergence purposes - Unspecified rate type, Debt security issued, 10 years maturity, New business coverage, denominated in Euro - Unspecified counterpart sector",PC,0
