KEY,FREQ,ADJUSTMENT,REF_AREA,COUNTERPART_AREA,REF_SECTOR,COUNTERPART_SECTOR,CONSOLIDATION,ACCOUNTING_ENTRY,STO,INSTR_ASSET,MATURITY,EXPENDITURE,UNIT_MEASURE,CURRENCY_DENOM,VALUATION,PRICES,TRANSFORMATION,CUST_BREAKDOWN,TIME_PERIOD,OBS_VALUE,OBS_STATUS,CONF_STATUS,PRE_BREAK_VALUE,COMMENT_OBS,EMBARGO_DATE,OBS_EDP_WBB,TIME_FORMAT,COLL_PERIOD,COMMENT_TS,COMPILING_ORG,CURRENCY,CUST_BREAKDOWN_LB,DATA_COMP,DECIMALS,DISS_ORG,GFS_ECOFUNC,GFS_TAXCAT,LAST_UPDATE,REF_PERIOD_DETAIL,REF_YEAR_PRICE,REPYEAREND,REPYEARSTART,TABLE_IDENTIFIER,TIME_PER_COLLECT,TITLE,TITLE_COMPL,UNIT_MULT,COMMENT_DSET
QSA.Q.N.RO.W0.S11.S1.N.D.P51G._Z._Z._Z.XDC._T.S.V.N._T,Q,N,RO,W0,S11,S1,N,D,P51G,_Z,_Z,_Z,XDC,_T,S,V,N,_T,1999-Q1,969.9,A,F,,,,,P3M,,"Romania, reporting institutional sector Non financial corporations - Gross fixed capital formation - Not applicable - Not applicable - Counterpart area World (all areas, including reference area, including IO), counterpart institutional sector Total economy - Debit (Uses) - Non-consolidated, Current prices - Domestic currency (incl. conversion to current currency made using a fixed parity), Neither seasonally adjusted nor calendar adjusted data - ESA 2010",4D0,,,,2,,,,,,,,,,S,Gross fixed capital formation of Non financial corporations,,6,
QSA.Q.N.RO.W0.S11.S1.N.D.P51G._Z._Z._Z.XDC._T.S.V.N._T,Q,N,RO,W0,S11,S1,N,D,P51G,_Z,_Z,_Z,XDC,_T,S,V,N,_T,1999-Q2,1652,A,F,,,,,P3M,,"Romania, reporting institutional sector Non financial corporations - Gross fixed capital formation - Not applicable - Not applicable - Counterpart area World (all areas, including reference area, including IO), counterpart institutional sector Total economy - Debit (Uses) - Non-consolidated, Current prices - Domestic currency (incl. conversion to current currency made using a fixed parity), Neither seasonally adjusted nor calendar adjusted data - ESA 2010",4D0,,,,2,,,,,,,,,,S,Gross fixed capital formation of Non financial corporations,,6,
QSA.Q.N.RO.W0.S11.S1.N.D.P51G._Z._Z._Z.XDC._T.S.V.N._T,Q,N,RO,W0,S11,S1,N,D,P51G,_Z,_Z,_Z,XDC,_T,S,V,N,_T,1999-Q3,1713.2,A,F,,,,,P3M,,"Romania, reporting institutional sector Non financial corporations - Gross fixed capital formation - Not applicable - Not applicable - Counterpart area World (all areas, including reference area, including IO), counterpart institutional sector Total economy - Debit (Uses) - Non-consolidated, Current prices - Domestic currency (incl. conversion to current currency made using a fixed parity), Neither seasonally adjusted nor calendar adjusted data - ESA 2010",4D0,,,,2,,,,,,,,,,S,Gross fixed capital formation of Non financial corporations,,6,
QSA.Q.N.RO.W0.S11.S1.N.D.P51G._Z._Z._Z.XDC._T.S.V.N._T,Q,N,RO,W0,S11,S1,N,D,P51G,_Z,_Z,_Z,XDC,_T,S,V,N,_T,1999-Q4,2711,A,F,,,,,P3M,,"Romania, reporting institutional sector Non financial corporations - Gross fixed capital formation - Not applicable - Not applicable - Counterpart area World (all areas, including reference area, including IO), counterpart institutional sector Total economy - Debit (Uses) - Non-consolidated, Current prices - Domestic currency (incl. conversion to current currency made using a fixed parity), Neither seasonally adjusted nor calendar adjusted data - ESA 2010",4D0,,,,2,,,,,,,,,,S,Gross fixed capital formation of Non financial corporations,,6,
QSA.Q.N.RO.W0.S11.S1.N.D.P51G._Z._Z._Z.XDC._T.S.V.N._T,Q,N,RO,W0,S11,S1,N,D,P51G,_Z,_Z,_Z,XDC,_T,S,V,N,_T,2000-Q1,1388.8,A,F,,,,,P3M,,"Romania, reporting institutional sector Non financial corporations - Gross fixed capital formation - Not applicable - Not applicable - Counterpart area World (all areas, including reference area, including IO), counterpart institutional sector Total economy - Debit (Uses) - Non-consolidated, Current prices - Domestic currency (incl. conversion to current currency made using a fixed parity), Neither seasonally adjusted nor calendar adjusted data - ESA 2010",4D0,,,,2,,,,,,,,,,S,Gross fixed capital formation of Non financial corporations,,6,
QSA.Q.N.RO.W0.S11.S1.N.D.P51G._Z._Z._Z.XDC._T.S.V.N._T,Q,N,RO,W0,S11,S1,N,D,P51G,_Z,_Z,_Z,XDC,_T,S,V,N,_T,2000-Q2,2074,A,F,,,,,P3M,,"Romania, reporting institutional sector Non financial corporations - Gross fixed capital formation - Not applicable - Not applicable - Counterpart area World (all areas, including reference area, including IO), counterpart institutional sector Total economy - Debit (Uses) - Non-consolidated, Current prices - Domestic currency (incl. conversion to current currency made using a fixed parity), Neither seasonally adjusted nor calendar adjusted data - ESA 2010",4D0,,,,2,,,,,,,,,,S,Gross fixed capital formation of Non financial corporations,,6,
QSA.Q.N.RO.W0.S11.S1.N.D.P51G._Z._Z._Z.XDC._T.S.V.N._T,Q,N,RO,W0,S11,S1,N,D,P51G,_Z,_Z,_Z,XDC,_T,S,V,N,_T,2000-Q3,3135,A,F,,,,,P3M,,"Romania, reporting institutional sector Non financial corporations - Gross fixed capital formation - Not applicable - Not applicable - Counterpart area World (all areas, including reference area, including IO), counterpart institutional sector Total economy - Debit (Uses) - Non-consolidated, Current prices - Domestic currency (incl. conversion to current currency made using a fixed parity), Neither seasonally adjusted nor calendar adjusted data - ESA 2010",4D0,,,,2,,,,,,,,,,S,Gross fixed capital formation of Non financial corporations,,6,
QSA.Q.N.RO.W0.S11.S1.N.D.P51G._Z._Z._Z.XDC._T.S.V.N._T,Q,N,RO,W0,S11,S1,N,D,P51G,_Z,_Z,_Z,XDC,_T,S,V,N,_T,2000-Q4,3303,A,F,,,,,P3M,,"Romania, reporting institutional sector Non financial corporations - Gross fixed capital formation - Not applicable - Not applicable - Counterpart area World (all areas, including reference area, including IO), counterpart institutional sector Total economy - Debit (Uses) - Non-consolidated, Current prices - Domestic currency (incl. conversion to current currency made using a fixed parity), Neither seasonally adjusted nor calendar adjusted data - ESA 2010",4D0,,,,2,,,,,,,,,,S,Gross fixed capital formation of Non financial corporations,,6,
QSA.Q.N.RO.W0.S11.S1.N.D.P51G._Z._Z._Z.XDC._T.S.V.N._T,Q,N,RO,W0,S11,S1,N,D,P51G,_Z,_Z,_Z,XDC,_T,S,V,N,_T,2001-Q1,2426.7,A,F,,,,,P3M,,"Romania, reporting institutional sector Non financial corporations - Gross fixed capital formation - Not applicable - Not applicable - Counterpart area World (all areas, including reference area, including IO), counterpart institutional sector Total economy - Debit (Uses) - Non-consolidated, Current prices - Domestic currency (incl. conversion to current currency made using a fixed parity), Neither seasonally adjusted nor calendar adjusted data - ESA 2010",4D0,,,,2,,,,,,,,,,S,Gross fixed capital formation of Non financial corporations,,6,
QSA.Q.N.RO.W0.S11.S1.N.D.P51G._Z._Z._Z.XDC._T.S.V.N._T,Q,N,RO,W0,S11,S1,N,D,P51G,_Z,_Z,_Z,XDC,_T,S,V,N,_T,2001-Q2,4275.5,A,F,,,,,P3M,,"Romania, reporting institutional sector Non financial corporations - Gross fixed capital formation - Not applicable - Not applicable - Counterpart area World (all areas, including reference area, including IO), counterpart institutional sector Total economy - Debit (Uses) - Non-consolidated, Current prices - Domestic currency (incl. conversion to current currency made using a fixed parity), Neither seasonally adjusted nor calendar adjusted data - ESA 2010",4D0,,,,2,,,,,,,,,,S,Gross fixed capital formation of Non financial corporations,,6,
QSA.Q.N.RO.W0.S11.S1.N.D.P51G._Z._Z._Z.XDC._T.S.V.N._T,Q,N,RO,W0,S11,S1,N,D,P51G,_Z,_Z,_Z,XDC,_T,S,V,N,_T,2001-Q3,5635.9,A,F,,,,,P3M,,"Romania, reporting institutional sector Non financial corporations - Gross fixed capital formation - Not applicable - Not applicable - Counterpart area World (all areas, including reference area, including IO), counterpart institutional sector Total economy - Debit (Uses) - Non-consolidated, Current prices - Domestic currency (incl. conversion to current currency made using a fixed parity), Neither seasonally adjusted nor calendar adjusted data - ESA 2010",4D0,,,,2,,,,,,,,,,S,Gross fixed capital formation of Non financial corporations,,6,
QSA.Q.N.RO.W0.S11.S1.N.D.P51G._Z._Z._Z.XDC._T.S.V.N._T,Q,N,RO,W0,S11,S1,N,D,P51G,_Z,_Z,_Z,XDC,_T,S,V,N,_T,2001-Q4,5952.3,A,F,,,,,P3M,,"Romania, reporting institutional sector Non financial corporations - Gross fixed capital formation - Not applicable - Not applicable - Counterpart area World (all areas, including reference area, including IO), counterpart institutional sector Total economy - Debit (Uses) - Non-consolidated, Current prices - Domestic currency (incl. conversion to current currency made using a fixed parity), Neither seasonally adjusted nor calendar adjusted data - ESA 2010",4D0,,,,2,,,,,,,,,,S,Gross fixed capital formation of Non financial corporations,,6,
QSA.Q.N.RO.W0.S11.S1.N.D.P51G._Z._Z._Z.XDC._T.S.V.N._T,Q,N,RO,W0,S11,S1,N,D,P51G,_Z,_Z,_Z,XDC,_T,S,V,N,_T,2002-Q1,3317.3,A,F,,,,,P3M,,"Romania, reporting institutional sector Non financial corporations - Gross fixed capital formation - Not applicable - Not applicable - Counterpart area World (all areas, including reference area, including IO), counterpart institutional sector Total economy - Debit (Uses) - Non-consolidated, Current prices - Domestic currency (incl. conversion to current currency made using a fixed parity), Neither seasonally adjusted nor calendar adjusted data - ESA 2010",4D0,,,,2,,,,,,,,,,S,Gross fixed capital formation of Non financial corporations,,6,
QSA.Q.N.RO.W0.S11.S1.N.D.P51G._Z._Z._Z.XDC._T.S.V.N._T,Q,N,RO,W0,S11,S1,N,D,P51G,_Z,_Z,_Z,XDC,_T,S,V,N,_T,2002-Q2,5979.9,A,F,,,,,P3M,,"Romania, reporting institutional sector Non financial corporations - Gross fixed capital formation - Not applicable - Not applicable - Counterpart area World (all areas, including reference area, including IO), counterpart institutional sector Total economy - Debit (Uses) - Non-consolidated, Current prices - Domestic currency (incl. conversion to current currency made using a fixed parity), Neither seasonally adjusted nor calendar adjusted data - ESA 2010",4D0,,,,2,,,,,,,,,,S,Gross fixed capital formation of Non financial corporations,,6,
QSA.Q.N.RO.W0.S11.S1.N.D.P51G._Z._Z._Z.XDC._T.S.V.N._T,Q,N,RO,W0,S11,S1,N,D,P51G,_Z,_Z,_Z,XDC,_T,S,V,N,_T,2002-Q3,8122.7,A,F,,,,,P3M,,"Romania, reporting institutional sector Non financial corporations - Gross fixed capital formation - Not applicable - Not applicable - Counterpart area World (all areas, including reference area, including IO), counterpart institutional sector Total economy - Debit (Uses) - Non-consolidated, Current prices - Domestic currency (incl. conversion to current currency made using a fixed parity), Neither seasonally adjusted nor calendar adjusted data - ESA 2010",4D0,,,,2,,,,,,,,,,S,Gross fixed capital formation of Non financial corporations,,6,
QSA.Q.N.RO.W0.S11.S1.N.D.P51G._Z._Z._Z.XDC._T.S.V.N._T,Q,N,RO,W0,S11,S1,N,D,P51G,_Z,_Z,_Z,XDC,_T,S,V,N,_T,2002-Q4,7971.3,A,F,,,,,P3M,,"Romania, reporting institutional sector Non financial corporations - Gross fixed capital formation - Not applicable - Not applicable - Counterpart area World (all areas, including reference area, including IO), counterpart institutional sector Total economy - Debit (Uses) - Non-consolidated, Current prices - Domestic currency (incl. conversion to current currency made using a fixed parity), Neither seasonally adjusted nor calendar adjusted data - ESA 2010",4D0,,,,2,,,,,,,,,,S,Gross fixed capital formation of Non financial corporations,,6,
QSA.Q.N.RO.W0.S11.S1.N.D.P51G._Z._Z._Z.XDC._T.S.V.N._T,Q,N,RO,W0,S11,S1,N,D,P51G,_Z,_Z,_Z,XDC,_T,S,V,N,_T,2003-Q1,4255.5,A,F,,,,,P3M,,"Romania, reporting institutional sector Non financial corporations - Gross fixed capital formation - Not applicable - Not applicable - Counterpart area World (all areas, including reference area, including IO), counterpart institutional sector Total economy - Debit (Uses) - Non-consolidated, Current prices - Domestic currency (incl. conversion to current currency made using a fixed parity), Neither seasonally adjusted nor calendar adjusted data - ESA 2010",4D0,,,,2,,,,,,,,,,S,Gross fixed capital formation of Non financial corporations,,6,
QSA.Q.N.RO.W0.S11.S1.N.D.P51G._Z._Z._Z.XDC._T.S.V.N._T,Q,N,RO,W0,S11,S1,N,D,P51G,_Z,_Z,_Z,XDC,_T,S,V,N,_T,2003-Q2,7357.8,A,F,,,,,P3M,,"Romania, reporting institutional sector Non financial corporations - Gross fixed capital formation - Not applicable - Not applicable - Counterpart area World (all areas, including reference area, including IO), counterpart institutional sector Total economy - Debit (Uses) - Non-consolidated, Current prices - Domestic currency (incl. conversion to current currency made using a fixed parity), Neither seasonally adjusted nor calendar adjusted data - ESA 2010",4D0,,,,2,,,,,,,,,,S,Gross fixed capital formation of Non financial corporations,,6,
QSA.Q.N.RO.W0.S11.S1.N.D.P51G._Z._Z._Z.XDC._T.S.V.N._T,Q,N,RO,W0,S11,S1,N,D,P51G,_Z,_Z,_Z,XDC,_T,S,V,N,_T,2003-Q3,10506.4,A,F,,,,,P3M,,"Romania, reporting institutional sector Non financial corporations - Gross fixed capital formation - Not applicable - Not applicable - Counterpart area World (all areas, including reference area, including IO), counterpart institutional sector Total economy - Debit (Uses) - Non-consolidated, Current prices - Domestic currency (incl. conversion to current currency made using a fixed parity), Neither seasonally adjusted nor calendar adjusted data - ESA 2010",4D0,,,,2,,,,,,,,,,S,Gross fixed capital formation of Non financial corporations,,6,
QSA.Q.N.RO.W0.S11.S1.N.D.P51G._Z._Z._Z.XDC._T.S.V.N._T,Q,N,RO,W0,S11,S1,N,D,P51G,_Z,_Z,_Z,XDC,_T,S,V,N,_T,2003-Q4,11354.3,A,F,,,,,P3M,,"Romania, reporting institutional sector Non financial corporations - Gross fixed capital formation - Not applicable - Not applicable - Counterpart area World (all areas, including reference area, including IO), counterpart institutional sector Total economy - Debit (Uses) - Non-consolidated, Current prices - Domestic currency (incl. conversion to current currency made using a fixed parity), Neither seasonally adjusted nor calendar adjusted data - ESA 2010",4D0,,,,2,,,,,,,,,,S,Gross fixed capital formation of Non financial corporations,,6,
QSA.Q.N.RO.W0.S11.S1.N.D.P51G._Z._Z._Z.XDC._T.S.V.N._T,Q,N,RO,W0,S11,S1,N,D,P51G,_Z,_Z,_Z,XDC,_T,S,V,N,_T,2004-Q1,5431.7,A,F,,,,,P3M,,"Romania, reporting institutional sector Non financial corporations - Gross fixed capital formation - Not applicable - Not applicable - Counterpart area World (all areas, including reference area, including IO), counterpart institutional sector Total economy - Debit (Uses) - Non-consolidated, Current prices - Domestic currency (incl. conversion to current currency made using a fixed parity), Neither seasonally adjusted nor calendar adjusted data - ESA 2010",4D0,,,,2,,,,,,,,,,S,Gross fixed capital formation of Non financial corporations,,6,
QSA.Q.N.RO.W0.S11.S1.N.D.P51G._Z._Z._Z.XDC._T.S.V.N._T,Q,N,RO,W0,S11,S1,N,D,P51G,_Z,_Z,_Z,XDC,_T,S,V,N,_T,2004-Q2,10158.3,A,F,,,,,P3M,,"Romania, reporting institutional sector Non financial corporations - Gross fixed capital formation - Not applicable - Not applicable - Counterpart area World (all areas, including reference area, including IO), counterpart institutional sector Total economy - Debit (Uses) - Non-consolidated, Current prices - Domestic currency (incl. conversion to current currency made using a fixed parity), Neither seasonally adjusted nor calendar adjusted data - ESA 2010",4D0,,,,2,,,,,,,,,,S,Gross fixed capital formation of Non financial corporations,,6,
QSA.Q.N.RO.W0.S11.S1.N.D.P51G._Z._Z._Z.XDC._T.S.V.N._T,Q,N,RO,W0,S11,S1,N,D,P51G,_Z,_Z,_Z,XDC,_T,S,V,N,_T,2004-Q3,13951,A,F,,,,,P3M,,"Romania, reporting institutional sector Non financial corporations - Gross fixed capital formation - Not applicable - Not applicable - Counterpart area World (all areas, including reference area, including IO), counterpart institutional sector Total economy - Debit (Uses) - Non-consolidated, Current prices - Domestic currency (incl. conversion to current currency made using a fixed parity), Neither seasonally adjusted nor calendar adjusted data - ESA 2010",4D0,,,,2,,,,,,,,,,S,Gross fixed capital formation of Non financial corporations,,6,
QSA.Q.N.RO.W0.S11.S1.N.D.P51G._Z._Z._Z.XDC._T.S.V.N._T,Q,N,RO,W0,S11,S1,N,D,P51G,_Z,_Z,_Z,XDC,_T,S,V,N,_T,2004-Q4,13998.4,A,F,,,,,P3M,,"Romania, reporting institutional sector Non financial corporations - Gross fixed capital formation - Not applicable - Not applicable - Counterpart area World (all areas, including reference area, including IO), counterpart institutional sector Total economy - Debit (Uses) - Non-consolidated, Current prices - Domestic currency (incl. conversion to current currency made using a fixed parity), Neither seasonally adjusted nor calendar adjusted data - ESA 2010",4D0,,,,2,,,,,,,,,,S,Gross fixed capital formation of Non financial corporations,,6,
QSA.Q.N.RO.W0.S11.S1.N.D.P51G._Z._Z._Z.XDC._T.S.V.N._T,Q,N,RO,W0,S11,S1,N,D,P51G,_Z,_Z,_Z,XDC,_T,S,V,N,_T,2005-Q1,6302.5,A,F,,,,,P3M,,"Romania, reporting institutional sector Non financial corporations - Gross fixed capital formation - Not applicable - Not applicable - Counterpart area World (all areas, including reference area, including IO), counterpart institutional sector Total economy - Debit (Uses) - Non-consolidated, Current prices - Domestic currency (incl. conversion to current currency made using a fixed parity), Neither seasonally adjusted nor calendar adjusted data - ESA 2010",4D0,,,,2,,,,,,,,,,S,Gross fixed capital formation of Non financial corporations,,6,
QSA.Q.N.RO.W0.S11.S1.N.D.P51G._Z._Z._Z.XDC._T.S.V.N._T,Q,N,RO,W0,S11,S1,N,D,P51G,_Z,_Z,_Z,XDC,_T,S,V,N,_T,2005-Q2,12135.3,A,F,,,,,P3M,,"Romania, reporting institutional sector Non financial corporations - Gross fixed capital formation - Not applicable - Not applicable - Counterpart area World (all areas, including reference area, including IO), counterpart institutional sector Total economy - Debit (Uses) - Non-consolidated, Current prices - Domestic currency (incl. conversion to current currency made using a fixed parity), Neither seasonally adjusted nor calendar adjusted data - ESA 2010",4D0,,,,2,,,,,,,,,,S,Gross fixed capital formation of Non financial corporations,,6,
QSA.Q.N.RO.W0.S11.S1.N.D.P51G._Z._Z._Z.XDC._T.S.V.N._T,Q,N,RO,W0,S11,S1,N,D,P51G,_Z,_Z,_Z,XDC,_T,S,V,N,_T,2005-Q3,16487.7,A,F,,,,,P3M,,"Romania, reporting institutional sector Non financial corporations - Gross fixed capital formation - Not applicable - Not applicable - Counterpart area World (all areas, including reference area, including IO), counterpart institutional sector Total economy - Debit (Uses) - Non-consolidated, Current prices - Domestic currency (incl. conversion to current currency made using a fixed parity), Neither seasonally adjusted nor calendar adjusted data - ESA 2010",4D0,,,,2,,,,,,,,,,S,Gross fixed capital formation of Non financial corporations,,6,
QSA.Q.N.RO.W0.S11.S1.N.D.P51G._Z._Z._Z.XDC._T.S.V.N._T,Q,N,RO,W0,S11,S1,N,D,P51G,_Z,_Z,_Z,XDC,_T,S,V,N,_T,2005-Q4,19328.3,A,F,,,,,P3M,,"Romania, reporting institutional sector Non financial corporations - Gross fixed capital formation - Not applicable - Not applicable - Counterpart area World (all areas, including reference area, including IO), counterpart institutional sector Total economy - Debit (Uses) - Non-consolidated, Current prices - Domestic currency (incl. conversion to current currency made using a fixed parity), Neither seasonally adjusted nor calendar adjusted data - ESA 2010",4D0,,,,2,,,,,,,,,,S,Gross fixed capital formation of Non financial corporations,,6,
QSA.Q.N.RO.W0.S11.S1.N.D.P51G._Z._Z._Z.XDC._T.S.V.N._T,Q,N,RO,W0,S11,S1,N,D,P51G,_Z,_Z,_Z,XDC,_T,S,V,N,_T,2006-Q1,9211.7,A,F,,,,,P3M,,"Romania, reporting institutional sector Non financial corporations - Gross fixed capital formation - Not applicable - Not applicable - Counterpart area World (all areas, including reference area, including IO), counterpart institutional sector Total economy - Debit (Uses) - Non-consolidated, Current prices - Domestic currency (incl. conversion to current currency made using a fixed parity), Neither seasonally adjusted nor calendar adjusted data - ESA 2010",4D0,,,,2,,,,,,,,,,S,Gross fixed capital formation of Non financial corporations,,6,
QSA.Q.N.RO.W0.S11.S1.N.D.P51G._Z._Z._Z.XDC._T.S.V.N._T,Q,N,RO,W0,S11,S1,N,D,P51G,_Z,_Z,_Z,XDC,_T,S,V,N,_T,2006-Q2,15399.4,A,F,,,,,P3M,,"Romania, reporting institutional sector Non financial corporations - Gross fixed capital formation - Not applicable - Not applicable - Counterpart area World (all areas, including reference area, including IO), counterpart institutional sector Total economy - Debit (Uses) - Non-consolidated, Current prices - Domestic currency (incl. conversion to current currency made using a fixed parity), Neither seasonally adjusted nor calendar adjusted data - ESA 2010",4D0,,,,2,,,,,,,,,,S,Gross fixed capital formation of Non financial corporations,,6,
QSA.Q.N.RO.W0.S11.S1.N.D.P51G._Z._Z._Z.XDC._T.S.V.N._T,Q,N,RO,W0,S11,S1,N,D,P51G,_Z,_Z,_Z,XDC,_T,S,V,N,_T,2006-Q3,23679.6,A,F,,,,,P3M,,"Romania, reporting institutional sector Non financial corporations - Gross fixed capital formation - Not applicable - Not applicable - Counterpart area World (all areas, including reference area, including IO), counterpart institutional sector Total economy - Debit (Uses) - Non-consolidated, Current prices - Domestic currency (incl. conversion to current currency made using a fixed parity), Neither seasonally adjusted nor calendar adjusted data - ESA 2010",4D0,,,,2,,,,,,,,,,S,Gross fixed capital formation of Non financial corporations,,6,
QSA.Q.N.RO.W0.S11.S1.N.D.P51G._Z._Z._Z.XDC._T.S.V.N._T,Q,N,RO,W0,S11,S1,N,D,P51G,_Z,_Z,_Z,XDC,_T,S,V,N,_T,2006-Q4,19029.1,A,F,,,,,P3M,,"Romania, reporting institutional sector Non financial corporations - Gross fixed capital formation - Not applicable - Not applicable - Counterpart area World (all areas, including reference area, including IO), counterpart institutional sector Total economy - Debit (Uses) - Non-consolidated, Current prices - Domestic currency (incl. conversion to current currency made using a fixed parity), Neither seasonally adjusted nor calendar adjusted data - ESA 2010",4D0,,,,2,,,,,,,,,,S,Gross fixed capital formation of Non financial corporations,,6,
QSA.Q.N.RO.W0.S11.S1.N.D.P51G._Z._Z._Z.XDC._T.S.V.N._T,Q,N,RO,W0,S11,S1,N,D,P51G,_Z,_Z,_Z,XDC,_T,S,V,N,_T,2007-Q1,9480,A,F,,,,,P3M,,"Romania, reporting institutional sector Non financial corporations - Gross fixed capital formation - Not applicable - Not applicable - Counterpart area World (all areas, including reference area, including IO), counterpart institutional sector Total economy - Debit (Uses) - Non-consolidated, Current prices - Domestic currency (incl. conversion to current currency made using a fixed parity), Neither seasonally adjusted nor calendar adjusted data - ESA 2010",4D0,,,,2,,,,,,,,,,S,Gross fixed capital formation of Non financial corporations,,6,
QSA.Q.N.RO.W0.S11.S1.N.D.P51G._Z._Z._Z.XDC._T.S.V.N._T,Q,N,RO,W0,S11,S1,N,D,P51G,_Z,_Z,_Z,XDC,_T,S,V,N,_T,2007-Q2,19915.8,A,F,,,,,P3M,,"Romania, reporting institutional sector Non financial corporations - Gross fixed capital formation - Not applicable - Not applicable - Counterpart area World (all areas, including reference area, including IO), counterpart institutional sector Total economy - Debit (Uses) - Non-consolidated, Current prices - Domestic currency (incl. conversion to current currency made using a fixed parity), Neither seasonally adjusted nor calendar adjusted data - ESA 2010",4D0,,,,2,,,,,,,,,,S,Gross fixed capital formation of Non financial corporations,,6,
QSA.Q.N.RO.W0.S11.S1.N.D.P51G._Z._Z._Z.XDC._T.S.V.N._T,Q,N,RO,W0,S11,S1,N,D,P51G,_Z,_Z,_Z,XDC,_T,S,V,N,_T,2007-Q3,36737,A,F,,,,,P3M,,"Romania, reporting institutional sector Non financial corporations - Gross fixed capital formation - Not applicable - Not applicable - Counterpart area World (all areas, including reference area, including IO), counterpart institutional sector Total economy - Debit (Uses) - Non-consolidated, Current prices - Domestic currency (incl. conversion to current currency made using a fixed parity), Neither seasonally adjusted nor calendar adjusted data - ESA 2010",4D0,,,,2,,,,,,,,,,S,Gross fixed capital formation of Non financial corporations,,6,
QSA.Q.N.RO.W0.S11.S1.N.D.P51G._Z._Z._Z.XDC._T.S.V.N._T,Q,N,RO,W0,S11,S1,N,D,P51G,_Z,_Z,_Z,XDC,_T,S,V,N,_T,2007-Q4,30254,A,F,,,,,P3M,,"Romania, reporting institutional sector Non financial corporations - Gross fixed capital formation - Not applicable - Not applicable - Counterpart area World (all areas, including reference area, including IO), counterpart institutional sector Total economy - Debit (Uses) - Non-consolidated, Current prices - Domestic currency (incl. conversion to current currency made using a fixed parity), Neither seasonally adjusted nor calendar adjusted data - ESA 2010",4D0,,,,2,,,,,,,,,,S,Gross fixed capital formation of Non financial corporations,,6,
QSA.Q.N.RO.W0.S11.S1.N.D.P51G._Z._Z._Z.XDC._T.S.V.N._T,Q,N,RO,W0,S11,S1,N,D,P51G,_Z,_Z,_Z,XDC,_T,S,V,N,_T,2008-Q1,16039.7,A,F,,,,,P3M,,"Romania, reporting institutional sector Non financial corporations - Gross fixed capital formation - Not applicable - Not applicable - Counterpart area World (all areas, including reference area, including IO), counterpart institutional sector Total economy - Debit (Uses) - Non-consolidated, Current prices - Domestic currency (incl. conversion to current currency made using a fixed parity), Neither seasonally adjusted nor calendar adjusted data - ESA 2010",4D0,,,,2,,,,,,,,,,S,Gross fixed capital formation of Non financial corporations,,6,
QSA.Q.N.RO.W0.S11.S1.N.D.P51G._Z._Z._Z.XDC._T.S.V.N._T,Q,N,RO,W0,S11,S1,N,D,P51G,_Z,_Z,_Z,XDC,_T,S,V,N,_T,2008-Q2,29605.4,A,F,,,,,P3M,,"Romania, reporting institutional sector Non financial corporations - Gross fixed capital formation - Not applicable - Not applicable - Counterpart area World (all areas, including reference area, including IO), counterpart institutional sector Total economy - Debit (Uses) - Non-consolidated, Current prices - Domestic currency (incl. conversion to current currency made using a fixed parity), Neither seasonally adjusted nor calendar adjusted data - ESA 2010",4D0,,,,2,,,,,,,,,,S,Gross fixed capital formation of Non financial corporations,,6,
QSA.Q.N.RO.W0.S11.S1.N.D.P51G._Z._Z._Z.XDC._T.S.V.N._T,Q,N,RO,W0,S11,S1,N,D,P51G,_Z,_Z,_Z,XDC,_T,S,V,N,_T,2008-Q3,47298.5,A,F,,,,,P3M,,"Romania, reporting institutional sector Non financial corporations - Gross fixed capital formation - Not applicable - Not applicable - Counterpart area World (all areas, including reference area, including IO), counterpart institutional sector Total economy - Debit (Uses) - Non-consolidated, Current prices - Domestic currency (incl. conversion to current currency made using a fixed parity), Neither seasonally adjusted nor calendar adjusted data - ESA 2010",4D0,,,,2,,,,,,,,,,S,Gross fixed capital formation of Non financial corporations,,6,
QSA.Q.N.RO.W0.S11.S1.N.D.P51G._Z._Z._Z.XDC._T.S.V.N._T,Q,N,RO,W0,S11,S1,N,D,P51G,_Z,_Z,_Z,XDC,_T,S,V,N,_T,2008-Q4,37136,A,F,,,,,P3M,,"Romania, reporting institutional sector Non financial corporations - Gross fixed capital formation - Not applicable - Not applicable - Counterpart area World (all areas, including reference area, including IO), counterpart institutional sector Total economy - Debit (Uses) - Non-consolidated, Current prices - Domestic currency (incl. conversion to current currency made using a fixed parity), Neither seasonally adjusted nor calendar adjusted data - ESA 2010",4D0,,,,2,,,,,,,,,,S,Gross fixed capital formation of Non financial corporations,,6,
QSA.Q.N.RO.W0.S11.S1.N.D.P51G._Z._Z._Z.XDC._T.S.V.N._T,Q,N,RO,W0,S11,S1,N,D,P51G,_Z,_Z,_Z,XDC,_T,S,V,N,_T,2009-Q1,15317.7,A,F,,,,,P3M,,"Romania, reporting institutional sector Non financial corporations - Gross fixed capital formation - Not applicable - Not applicable - Counterpart area World (all areas, including reference area, including IO), counterpart institutional sector Total economy - Debit (Uses) - Non-consolidated, Current prices - Domestic currency (incl. conversion to current currency made using a fixed parity), Neither seasonally adjusted nor calendar adjusted data - ESA 2010",4D0,,,,2,,,,,,,,,,S,Gross fixed capital formation of Non financial corporations,,6,
QSA.Q.N.RO.W0.S11.S1.N.D.P51G._Z._Z._Z.XDC._T.S.V.N._T,Q,N,RO,W0,S11,S1,N,D,P51G,_Z,_Z,_Z,XDC,_T,S,V,N,_T,2009-Q2,20078,A,F,,,,,P3M,,"Romania, reporting institutional sector Non financial corporations - Gross fixed capital formation - Not applicable - Not applicable - Counterpart area World (all areas, including reference area, including IO), counterpart institutional sector Total economy - Debit (Uses) - Non-consolidated, Current prices - Domestic currency (incl. conversion to current currency made using a fixed parity), Neither seasonally adjusted nor calendar adjusted data - ESA 2010",4D0,,,,2,,,,,,,,,,S,Gross fixed capital formation of Non financial corporations,,6,
QSA.Q.N.RO.W0.S11.S1.N.D.P51G._Z._Z._Z.XDC._T.S.V.N._T,Q,N,RO,W0,S11,S1,N,D,P51G,_Z,_Z,_Z,XDC,_T,S,V,N,_T,2009-Q3,31670.7,A,F,,,,,P3M,,"Romania, reporting institutional sector Non financial corporations - Gross fixed capital formation - Not applicable - Not applicable - Counterpart area World (all areas, including reference area, including IO), counterpart institutional sector Total economy - Debit (Uses) - Non-consolidated, Current prices - Domestic currency (incl. conversion to current currency made using a fixed parity), Neither seasonally adjusted nor calendar adjusted data - ESA 2010",4D0,,,,2,,,,,,,,,,S,Gross fixed capital formation of Non financial corporations,,6,
QSA.Q.N.RO.W0.S11.S1.N.D.P51G._Z._Z._Z.XDC._T.S.V.N._T,Q,N,RO,W0,S11,S1,N,D,P51G,_Z,_Z,_Z,XDC,_T,S,V,N,_T,2009-Q4,25438.3,A,F,,,,,P3M,,"Romania, reporting institutional sector Non financial corporations - Gross fixed capital formation - Not applicable - Not applicable - Counterpart area World (all areas, including reference area, including IO), counterpart institutional sector Total economy - Debit (Uses) - Non-consolidated, Current prices - Domestic currency (incl. conversion to current currency made using a fixed parity), Neither seasonally adjusted nor calendar adjusted data - ESA 2010",4D0,,,,2,,,,,,,,,,S,Gross fixed capital formation of Non financial corporations,,6,
QSA.Q.N.RO.W0.S11.S1.N.D.P51G._Z._Z._Z.XDC._T.S.V.N._T,Q,N,RO,W0,S11,S1,N,D,P51G,_Z,_Z,_Z,XDC,_T,S,V,N,_T,2010-Q1,11566.1,A,F,,,,,P3M,,"Romania, reporting institutional sector Non financial corporations - Gross fixed capital formation - Not applicable - Not applicable - Counterpart area World (all areas, including reference area, including IO), counterpart institutional sector Total economy - Debit (Uses) - Non-consolidated, Current prices - Domestic currency (incl. conversion to current currency made using a fixed parity), Neither seasonally adjusted nor calendar adjusted data - ESA 2010",4D0,,,,2,,,,,,,,,,S,Gross fixed capital formation of Non financial corporations,,6,
QSA.Q.N.RO.W0.S11.S1.N.D.P51G._Z._Z._Z.XDC._T.S.V.N._T,Q,N,RO,W0,S11,S1,N,D,P51G,_Z,_Z,_Z,XDC,_T,S,V,N,_T,2010-Q2,18001.4,A,F,,,,,P3M,,"Romania, reporting institutional sector Non financial corporations - Gross fixed capital formation - Not applicable - Not applicable - Counterpart area World (all areas, including reference area, including IO), counterpart institutional sector Total economy - Debit (Uses) - Non-consolidated, Current prices - Domestic currency (incl. conversion to current currency made using a fixed parity), Neither seasonally adjusted nor calendar adjusted data - ESA 2010",4D0,,,,2,,,,,,,,,,S,Gross fixed capital formation of Non financial corporations,,6,
QSA.Q.N.RO.W0.S11.S1.N.D.P51G._Z._Z._Z.XDC._T.S.V.N._T,Q,N,RO,W0,S11,S1,N,D,P51G,_Z,_Z,_Z,XDC,_T,S,V,N,_T,2010-Q3,26541,A,F,,,,,P3M,,"Romania, reporting institutional sector Non financial corporations - Gross fixed capital formation - Not applicable - Not applicable - Counterpart area World (all areas, including reference area, including IO), counterpart institutional sector Total economy - Debit (Uses) - Non-consolidated, Current prices - Domestic currency (incl. conversion to current currency made using a fixed parity), Neither seasonally adjusted nor calendar adjusted data - ESA 2010",4D0,,,,2,,,,,,,,,,S,Gross fixed capital formation of Non financial corporations,,6,
QSA.Q.N.RO.W0.S11.S1.N.D.P51G._Z._Z._Z.XDC._T.S.V.N._T,Q,N,RO,W0,S11,S1,N,D,P51G,_Z,_Z,_Z,XDC,_T,S,V,N,_T,2010-Q4,22029.8,A,F,,,,,P3M,,"Romania, reporting institutional sector Non financial corporations - Gross fixed capital formation - Not applicable - Not applicable - Counterpart area World (all areas, including reference area, including IO), counterpart institutional sector Total economy - Debit (Uses) - Non-consolidated, Current prices - Domestic currency (incl. conversion to current currency made using a fixed parity), Neither seasonally adjusted nor calendar adjusted data - ESA 2010",4D0,,,,2,,,,,,,,,,S,Gross fixed capital formation of Non financial corporations,,6,
QSA.Q.N.RO.W0.S11.S1.N.D.P51G._Z._Z._Z.XDC._T.S.V.N._T,Q,N,RO,W0,S11,S1,N,D,P51G,_Z,_Z,_Z,XDC,_T,S,V,N,_T,2011-Q1,11620.3,A,F,,,,,P3M,,"Romania, reporting institutional sector Non financial corporations - Gross fixed capital formation - Not applicable - Not applicable - Counterpart area World (all areas, including reference area, including IO), counterpart institutional sector Total economy - Debit (Uses) - Non-consolidated, Current prices - Domestic currency (incl. conversion to current currency made using a fixed parity), Neither seasonally adjusted nor calendar adjusted data - ESA 2010",4D0,,,,2,,,,,,,,,,S,Gross fixed capital formation of Non financial corporations,,6,
QSA.Q.N.RO.W0.S11.S1.N.D.P51G._Z._Z._Z.XDC._T.S.V.N._T,Q,N,RO,W0,S11,S1,N,D,P51G,_Z,_Z,_Z,XDC,_T,S,V,N,_T,2011-Q2,20473.8,A,F,,,,,P3M,,"Romania, reporting institutional sector Non financial corporations - Gross fixed capital formation - Not applicable - Not applicable - Counterpart area World (all areas, including reference area, including IO), counterpart institutional sector Total economy - Debit (Uses) - Non-consolidated, Current prices - Domestic currency (incl. conversion to current currency made using a fixed parity), Neither seasonally adjusted nor calendar adjusted data - ESA 2010",4D0,,,,2,,,,,,,,,,S,Gross fixed capital formation of Non financial corporations,,6,
QSA.Q.N.RO.W0.S11.S1.N.D.P51G._Z._Z._Z.XDC._T.S.V.N._T,Q,N,RO,W0,S11,S1,N,D,P51G,_Z,_Z,_Z,XDC,_T,S,V,N,_T,2011-Q3,31237.5,A,F,,,,,P3M,,"Romania, reporting institutional sector Non financial corporations - Gross fixed capital formation - Not applicable - Not applicable - Counterpart area World (all areas, including reference area, including IO), counterpart institutional sector Total economy - Debit (Uses) - Non-consolidated, Current prices - Domestic currency (incl. conversion to current currency made using a fixed parity), Neither seasonally adjusted nor calendar adjusted data - ESA 2010",4D0,,,,2,,,,,,,,,,S,Gross fixed capital formation of Non financial corporations,,6,
QSA.Q.N.RO.W0.S11.S1.N.D.P51G._Z._Z._Z.XDC._T.S.V.N._T,Q,N,RO,W0,S11,S1,N,D,P51G,_Z,_Z,_Z,XDC,_T,S,V,N,_T,2011-Q4,25790.7,A,F,,,,,P3M,,"Romania, reporting institutional sector Non financial corporations - Gross fixed capital formation - Not applicable - Not applicable - Counterpart area World (all areas, including reference area, including IO), counterpart institutional sector Total economy - Debit (Uses) - Non-consolidated, Current prices - Domestic currency (incl. conversion to current currency made using a fixed parity), Neither seasonally adjusted nor calendar adjusted data - ESA 2010",4D0,,,,2,,,,,,,,,,S,Gross fixed capital formation of Non financial corporations,,6,
QSA.Q.N.RO.W0.S11.S1.N.D.P51G._Z._Z._Z.XDC._T.S.V.N._T,Q,N,RO,W0,S11,S1,N,D,P51G,_Z,_Z,_Z,XDC,_T,S,V,N,_T,2012-Q1,12826.6,A,F,,,,,P3M,,"Romania, reporting institutional sector Non financial corporations - Gross fixed capital formation - Not applicable - Not applicable - Counterpart area World (all areas, including reference area, including IO), counterpart institutional sector Total economy - Debit (Uses) - Non-consolidated, Current prices - Domestic currency (incl. conversion to current currency made using a fixed parity), Neither seasonally adjusted nor calendar adjusted data - ESA 2010",4D0,,,,2,,,,,,,,,,S,Gross fixed capital formation of Non financial corporations,,6,
QSA.Q.N.RO.W0.S11.S1.N.D.P51G._Z._Z._Z.XDC._T.S.V.N._T,Q,N,RO,W0,S11,S1,N,D,P51G,_Z,_Z,_Z,XDC,_T,S,V,N,_T,2012-Q2,24046.1,A,F,,,,,P3M,,"Romania, reporting institutional sector Non financial corporations - Gross fixed capital formation - Not applicable - Not applicable - Counterpart area World (all areas, including reference area, including IO), counterpart institutional sector Total economy - Debit (Uses) - Non-consolidated, Current prices - Domestic currency (incl. conversion to current currency made using a fixed parity), Neither seasonally adjusted nor calendar adjusted data - ESA 2010",4D0,,,,2,,,,,,,,,,S,Gross fixed capital formation of Non financial corporations,,6,
QSA.Q.N.RO.W0.S11.S1.N.D.P51G._Z._Z._Z.XDC._T.S.V.N._T,Q,N,RO,W0,S11,S1,N,D,P51G,_Z,_Z,_Z,XDC,_T,S,V,N,_T,2012-Q3,33035.1,A,F,,,,,P3M,,"Romania, reporting institutional sector Non financial corporations - Gross fixed capital formation - Not applicable - Not applicable - Counterpart area World (all areas, including reference area, including IO), counterpart institutional sector Total economy - Debit (Uses) - Non-consolidated, Current prices - Domestic currency (incl. conversion to current currency made using a fixed parity), Neither seasonally adjusted nor calendar adjusted data - ESA 2010",4D0,,,,2,,,,,,,,,,S,Gross fixed capital formation of Non financial corporations,,6,
QSA.Q.N.RO.W0.S11.S1.N.D.P51G._Z._Z._Z.XDC._T.S.V.N._T,Q,N,RO,W0,S11,S1,N,D,P51G,_Z,_Z,_Z,XDC,_T,S,V,N,_T,2012-Q4,28432.2,A,F,,,,,P3M,,"Romania, reporting institutional sector Non financial corporations - Gross fixed capital formation - Not applicable - Not applicable - Counterpart area World (all areas, including reference area, including IO), counterpart institutional sector Total economy - Debit (Uses) - Non-consolidated, Current prices - Domestic currency (incl. conversion to current currency made using a fixed parity), Neither seasonally adjusted nor calendar adjusted data - ESA 2010",4D0,,,,2,,,,,,,,,,S,Gross fixed capital formation of Non financial corporations,,6,
QSA.Q.N.RO.W0.S11.S1.N.D.P51G._Z._Z._Z.XDC._T.S.V.N._T,Q,N,RO,W0,S11,S1,N,D,P51G,_Z,_Z,_Z,XDC,_T,S,V,N,_T,2013-Q1,14887.9,A,F,,,,,P3M,,"Romania, reporting institutional sector Non financial corporations - Gross fixed capital formation - Not applicable - Not applicable - Counterpart area World (all areas, including reference area, including IO), counterpart institutional sector Total economy - Debit (Uses) - Non-consolidated, Current prices - Domestic currency (incl. conversion to current currency made using a fixed parity), Neither seasonally adjusted nor calendar adjusted data - ESA 2010",4D0,,,,2,,,,,,,,,,S,Gross fixed capital formation of Non financial corporations,,6,
QSA.Q.N.RO.W0.S11.S1.N.D.P51G._Z._Z._Z.XDC._T.S.V.N._T,Q,N,RO,W0,S11,S1,N,D,P51G,_Z,_Z,_Z,XDC,_T,S,V,N,_T,2013-Q2,21928.1,A,F,,,,,P3M,,"Romania, reporting institutional sector Non financial corporations - Gross fixed capital formation - Not applicable - Not applicable - Counterpart area World (all areas, including reference area, including IO), counterpart institutional sector Total economy - Debit (Uses) - Non-consolidated, Current prices - Domestic currency (incl. conversion to current currency made using a fixed parity), Neither seasonally adjusted nor calendar adjusted data - ESA 2010",4D0,,,,2,,,,,,,,,,S,Gross fixed capital formation of Non financial corporations,,6,
QSA.Q.N.RO.W0.S11.S1.N.D.P51G._Z._Z._Z.XDC._T.S.V.N._T,Q,N,RO,W0,S11,S1,N,D,P51G,_Z,_Z,_Z,XDC,_T,S,V,N,_T,2013-Q3,33820.5,A,F,,,,,P3M,,"Romania, reporting institutional sector Non financial corporations - Gross fixed capital formation - Not applicable - Not applicable - Counterpart area World (all areas, including reference area, including IO), counterpart institutional sector Total economy - Debit (Uses) - Non-consolidated, Current prices - Domestic currency (incl. conversion to current currency made using a fixed parity), Neither seasonally adjusted nor calendar adjusted data - ESA 2010",4D0,,,,2,,,,,,,,,,S,Gross fixed capital formation of Non financial corporations,,6,
QSA.Q.N.RO.W0.S11.S1.N.D.P51G._Z._Z._Z.XDC._T.S.V.N._T,Q,N,RO,W0,S11,S1,N,D,P51G,_Z,_Z,_Z,XDC,_T,S,V,N,_T,2013-Q4,20290.5,A,F,,,,,P3M,,"Romania, reporting institutional sector Non financial corporations - Gross fixed capital formation - Not applicable - Not applicable - Counterpart area World (all areas, including reference area, including IO), counterpart institutional sector Total economy - Debit (Uses) - Non-consolidated, Current prices - Domestic currency (incl. conversion to current currency made using a fixed parity), Neither seasonally adjusted nor calendar adjusted data - ESA 2010",4D0,,,,2,,,,,,,,,,S,Gross fixed capital formation of Non financial corporations,,6,
QSA.Q.N.RO.W0.S11.S1.N.D.P51G._Z._Z._Z.XDC._T.S.V.N._T,Q,N,RO,W0,S11,S1,N,D,P51G,_Z,_Z,_Z,XDC,_T,S,V,N,_T,2014-Q1,14879.8,A,F,,,,,P3M,,"Romania, reporting institutional sector Non financial corporations - Gross fixed capital formation - Not applicable - Not applicable - Counterpart area World (all areas, including reference area, including IO), counterpart institutional sector Total economy - Debit (Uses) - Non-consolidated, Current prices - Domestic currency (incl. conversion to current currency made using a fixed parity), Neither seasonally adjusted nor calendar adjusted data - ESA 2010",4D0,,,,2,,,,,,,,,,S,Gross fixed capital formation of Non financial corporations,,6,
QSA.Q.N.RO.W0.S11.S1.N.D.P51G._Z._Z._Z.XDC._T.S.V.N._T,Q,N,RO,W0,S11,S1,N,D,P51G,_Z,_Z,_Z,XDC,_T,S,V,N,_T,2014-Q2,24437.6,A,F,,,,,P3M,,"Romania, reporting institutional sector Non financial corporations - Gross fixed capital formation - Not applicable - Not applicable - Counterpart area World (all areas, including reference area, including IO), counterpart institutional sector Total economy - Debit (Uses) - Non-consolidated, Current prices - Domestic currency (incl. conversion to current currency made using a fixed parity), Neither seasonally adjusted nor calendar adjusted data - ESA 2010",4D0,,,,2,,,,,,,,,,S,Gross fixed capital formation of Non financial corporations,,6,
QSA.Q.N.RO.W0.S11.S1.N.D.P51G._Z._Z._Z.XDC._T.S.V.N._T,Q,N,RO,W0,S11,S1,N,D,P51G,_Z,_Z,_Z,XDC,_T,S,V,N,_T,2014-Q3,33680.3,A,F,,,,,P3M,,"Romania, reporting institutional sector Non financial corporations - Gross fixed capital formation - Not applicable - Not applicable - Counterpart area World (all areas, including reference area, including IO), counterpart institutional sector Total economy - Debit (Uses) - Non-consolidated, Current prices - Domestic currency (incl. conversion to current currency made using a fixed parity), Neither seasonally adjusted nor calendar adjusted data - ESA 2010",4D0,,,,2,,,,,,,,,,S,Gross fixed capital formation of Non financial corporations,,6,
QSA.Q.N.RO.W0.S11.S1.N.D.P51G._Z._Z._Z.XDC._T.S.V.N._T,Q,N,RO,W0,S11,S1,N,D,P51G,_Z,_Z,_Z,XDC,_T,S,V,N,_T,2014-Q4,23788.7,A,F,,,,,P3M,,"Romania, reporting institutional sector Non financial corporations - Gross fixed capital formation - Not applicable - Not applicable - Counterpart area World (all areas, including reference area, including IO), counterpart institutional sector Total economy - Debit (Uses) - Non-consolidated, Current prices - Domestic currency (incl. conversion to current currency made using a fixed parity), Neither seasonally adjusted nor calendar adjusted data - ESA 2010",4D0,,,,2,,,,,,,,,,S,Gross fixed capital formation of Non financial corporations,,6,
QSA.Q.N.RO.W0.S11.S1.N.D.P51G._Z._Z._Z.XDC._T.S.V.N._T,Q,N,RO,W0,S11,S1,N,D,P51G,_Z,_Z,_Z,XDC,_T,S,V,N,_T,2015-Q1,14373.1,A,F,,,,,P3M,,"Romania, reporting institutional sector Non financial corporations - Gross fixed capital formation - Not applicable - Not applicable - Counterpart area World (all areas, including reference area, including IO), counterpart institutional sector Total economy - Debit (Uses) - Non-consolidated, Current prices - Domestic currency (incl. conversion to current currency made using a fixed parity), Neither seasonally adjusted nor calendar adjusted data - ESA 2010",4D0,,,,2,,,,,,,,,,S,Gross fixed capital formation of Non financial corporations,,6,
QSA.Q.N.RO.W0.S11.S1.N.D.P51G._Z._Z._Z.XDC._T.S.V.N._T,Q,N,RO,W0,S11,S1,N,D,P51G,_Z,_Z,_Z,XDC,_T,S,V,N,_T,2015-Q2,23582.1,A,F,,,,,P3M,,"Romania, reporting institutional sector Non financial corporations - Gross fixed capital formation - Not applicable - Not applicable - Counterpart area World (all areas, including reference area, including IO), counterpart institutional sector Total economy - Debit (Uses) - Non-consolidated, Current prices - Domestic currency (incl. conversion to current currency made using a fixed parity), Neither seasonally adjusted nor calendar adjusted data - ESA 2010",4D0,,,,2,,,,,,,,,,S,Gross fixed capital formation of Non financial corporations,,6,
QSA.Q.N.RO.W0.S11.S1.N.D.P51G._Z._Z._Z.XDC._T.S.V.N._T,Q,N,RO,W0,S11,S1,N,D,P51G,_Z,_Z,_Z,XDC,_T,S,V,N,_T,2015-Q3,32769.7,A,F,,,,,P3M,,"Romania, reporting institutional sector Non financial corporations - Gross fixed capital formation - Not applicable - Not applicable - Counterpart area World (all areas, including reference area, including IO), counterpart institutional sector Total economy - Debit (Uses) - Non-consolidated, Current prices - Domestic currency (incl. conversion to current currency made using a fixed parity), Neither seasonally adjusted nor calendar adjusted data - ESA 2010",4D0,,,,2,,,,,,,,,,S,Gross fixed capital formation of Non financial corporations,,6,
QSA.Q.N.RO.W0.S11.S1.N.D.P51G._Z._Z._Z.XDC._T.S.V.N._T,Q,N,RO,W0,S11,S1,N,D,P51G,_Z,_Z,_Z,XDC,_T,S,V,N,_T,2015-Q4,28476.9,A,F,,,,,P3M,,"Romania, reporting institutional sector Non financial corporations - Gross fixed capital formation - Not applicable - Not applicable - Counterpart area World (all areas, including reference area, including IO), counterpart institutional sector Total economy - Debit (Uses) - Non-consolidated, Current prices - Domestic currency (incl. conversion to current currency made using a fixed parity), Neither seasonally adjusted nor calendar adjusted data - ESA 2010",4D0,,,,2,,,,,,,,,,S,Gross fixed capital formation of Non financial corporations,,6,
QSA.Q.N.RO.W0.S11.S1.N.D.P51G._Z._Z._Z.XDC._T.S.V.N._T,Q,N,RO,W0,S11,S1,N,D,P51G,_Z,_Z,_Z,XDC,_T,S,V,N,_T,2016-Q1,17629.5,A,F,,,,,P3M,,"Romania, reporting institutional sector Non financial corporations - Gross fixed capital formation - Not applicable - Not applicable - Counterpart area World (all areas, including reference area, including IO), counterpart institutional sector Total economy - Debit (Uses) - Non-consolidated, Current prices - Domestic currency (incl. conversion to current currency made using a fixed parity), Neither seasonally adjusted nor calendar adjusted data - ESA 2010",4D0,,,,2,,,,,,,,,,S,Gross fixed capital formation of Non financial corporations,,6,
QSA.Q.N.RO.W0.S11.S1.N.D.P51G._Z._Z._Z.XDC._T.S.V.N._T,Q,N,RO,W0,S11,S1,N,D,P51G,_Z,_Z,_Z,XDC,_T,S,V,N,_T,2016-Q2,25553.7,A,F,,,,,P3M,,"Romania, reporting institutional sector Non financial corporations - Gross fixed capital formation - Not applicable - Not applicable - Counterpart area World (all areas, including reference area, including IO), counterpart institutional sector Total economy - Debit (Uses) - Non-consolidated, Current prices - Domestic currency (incl. conversion to current currency made using a fixed parity), Neither seasonally adjusted nor calendar adjusted data - ESA 2010",4D0,,,,2,,,,,,,,,,S,Gross fixed capital formation of Non financial corporations,,6,
QSA.Q.N.RO.W0.S11.S1.N.D.P51G._Z._Z._Z.XDC._T.S.V.N._T,Q,N,RO,W0,S11,S1,N,D,P51G,_Z,_Z,_Z,XDC,_T,S,V,N,_T,2016-Q3,32472.1,A,F,,,,,P3M,,"Romania, reporting institutional sector Non financial corporations - Gross fixed capital formation - Not applicable - Not applicable - Counterpart area World (all areas, including reference area, including IO), counterpart institutional sector Total economy - Debit (Uses) - Non-consolidated, Current prices - Domestic currency (incl. conversion to current currency made using a fixed parity), Neither seasonally adjusted nor calendar adjusted data - ESA 2010",4D0,,,,2,,,,,,,,,,S,Gross fixed capital formation of Non financial corporations,,6,
QSA.Q.N.RO.W0.S11.S1.N.D.P51G._Z._Z._Z.XDC._T.S.V.N._T,Q,N,RO,W0,S11,S1,N,D,P51G,_Z,_Z,_Z,XDC,_T,S,V,N,_T,2016-Q4,26095.4,A,F,,,,,P3M,,"Romania, reporting institutional sector Non financial corporations - Gross fixed capital formation - Not applicable - Not applicable - Counterpart area World (all areas, including reference area, including IO), counterpart institutional sector Total economy - Debit (Uses) - Non-consolidated, Current prices - Domestic currency (incl. conversion to current currency made using a fixed parity), Neither seasonally adjusted nor calendar adjusted data - ESA 2010",4D0,,,,2,,,,,,,,,,S,Gross fixed capital formation of Non financial corporations,,6,
QSA.Q.N.RO.W0.S11.S1.N.D.P51G._Z._Z._Z.XDC._T.S.V.N._T,Q,N,RO,W0,S11,S1,N,D,P51G,_Z,_Z,_Z,XDC,_T,S,V,N,_T,2017-Q1,13070.2,A,F,,,,,P3M,,"Romania, reporting institutional sector Non financial corporations - Gross fixed capital formation - Not applicable - Not applicable - Counterpart area World (all areas, including reference area, including IO), counterpart institutional sector Total economy - Debit (Uses) - Non-consolidated, Current prices - Domestic currency (incl. conversion to current currency made using a fixed parity), Neither seasonally adjusted nor calendar adjusted data - ESA 2010",4D0,,,,2,,,,,,,,,,S,Gross fixed capital formation of Non financial corporations,,6,
QSA.Q.N.RO.W0.S11.S1.N.D.P51G._Z._Z._Z.XDC._T.S.V.N._T,Q,N,RO,W0,S11,S1,N,D,P51G,_Z,_Z,_Z,XDC,_T,S,V,N,_T,2017-Q2,21762.4,A,F,,,,,P3M,,"Romania, reporting institutional sector Non financial corporations - Gross fixed capital formation - Not applicable - Not applicable - Counterpart area World (all areas, including reference area, including IO), counterpart institutional sector Total economy - Debit (Uses) - Non-consolidated, Current prices - Domestic currency (incl. conversion to current currency made using a fixed parity), Neither seasonally adjusted nor calendar adjusted data - ESA 2010",4D0,,,,2,,,,,,,,,,S,Gross fixed capital formation of Non financial corporations,,6,
QSA.Q.N.RO.W0.S11.S1.N.D.P51G._Z._Z._Z.XDC._T.S.V.N._T,Q,N,RO,W0,S11,S1,N,D,P51G,_Z,_Z,_Z,XDC,_T,S,V,N,_T,2017-Q3,33383.9,A,F,,,,,P3M,,"Romania, reporting institutional sector Non financial corporations - Gross fixed capital formation - Not applicable - Not applicable - Counterpart area World (all areas, including reference area, including IO), counterpart institutional sector Total economy - Debit (Uses) - Non-consolidated, Current prices - Domestic currency (incl. conversion to current currency made using a fixed parity), Neither seasonally adjusted nor calendar adjusted data - ESA 2010",4D0,,,,2,,,,,,,,,,S,Gross fixed capital formation of Non financial corporations,,6,
QSA.Q.N.RO.W0.S11.S1.N.D.P51G._Z._Z._Z.XDC._T.S.V.N._T,Q,N,RO,W0,S11,S1,N,D,P51G,_Z,_Z,_Z,XDC,_T,S,V,N,_T,2017-Q4,29898.8,A,F,,,,,P3M,,"Romania, reporting institutional sector Non financial corporations - Gross fixed capital formation - Not applicable - Not applicable - Counterpart area World (all areas, including reference area, including IO), counterpart institutional sector Total economy - Debit (Uses) - Non-consolidated, Current prices - Domestic currency (incl. conversion to current currency made using a fixed parity), Neither seasonally adjusted nor calendar adjusted data - ESA 2010",4D0,,,,2,,,,,,,,,,S,Gross fixed capital formation of Non financial corporations,,6,
QSA.Q.N.RO.W0.S11.S1.N.D.P51G._Z._Z._Z.XDC._T.S.V.N._T,Q,N,RO,W0,S11,S1,N,D,P51G,_Z,_Z,_Z,XDC,_T,S,V,N,_T,2018-Q1,13359,A,F,,,,,P3M,,"Romania, reporting institutional sector Non financial corporations - Gross fixed capital formation - Not applicable - Not applicable - Counterpart area World (all areas, including reference area, including IO), counterpart institutional sector Total economy - Debit (Uses) - Non-consolidated, Current prices - Domestic currency (incl. conversion to current currency made using a fixed parity), Neither seasonally adjusted nor calendar adjusted data - ESA 2010",4D0,,,,2,,,,,,,,,,S,Gross fixed capital formation of Non financial corporations,,6,
QSA.Q.N.RO.W0.S11.S1.N.D.P51G._Z._Z._Z.XDC._T.S.V.N._T,Q,N,RO,W0,S11,S1,N,D,P51G,_Z,_Z,_Z,XDC,_T,S,V,N,_T,2018-Q2,29120.5,A,F,,,,,P3M,,"Romania, reporting institutional sector Non financial corporations - Gross fixed capital formation - Not applicable - Not applicable - Counterpart area World (all areas, including reference area, including IO), counterpart institutional sector Total economy - Debit (Uses) - Non-consolidated, Current prices - Domestic currency (incl. conversion to current currency made using a fixed parity), Neither seasonally adjusted nor calendar adjusted data - ESA 2010",4D0,,,,2,,,,,,,,,,S,Gross fixed capital formation of Non financial corporations,,6,
QSA.Q.N.RO.W0.S11.S1.N.D.P51G._Z._Z._Z.XDC._T.S.V.N._T,Q,N,RO,W0,S11,S1,N,D,P51G,_Z,_Z,_Z,XDC,_T,S,V,N,_T,2018-Q3,32588.4,A,F,,,,,P3M,,"Romania, reporting institutional sector Non financial corporations - Gross fixed capital formation - Not applicable - Not applicable - Counterpart area World (all areas, including reference area, including IO), counterpart institutional sector Total economy - Debit (Uses) - Non-consolidated, Current prices - Domestic currency (incl. conversion to current currency made using a fixed parity), Neither seasonally adjusted nor calendar adjusted data - ESA 2010",4D0,,,,2,,,,,,,,,,S,Gross fixed capital formation of Non financial corporations,,6,
QSA.Q.N.RO.W0.S11.S1.N.D.P51G._Z._Z._Z.XDC._T.S.V.N._T,Q,N,RO,W0,S11,S1,N,D,P51G,_Z,_Z,_Z,XDC,_T,S,V,N,_T,2018-Q4,29169.7,A,F,,,,,P3M,,"Romania, reporting institutional sector Non financial corporations - Gross fixed capital formation - Not applicable - Not applicable - Counterpart area World (all areas, including reference area, including IO), counterpart institutional sector Total economy - Debit (Uses) - Non-consolidated, Current prices - Domestic currency (incl. conversion to current currency made using a fixed parity), Neither seasonally adjusted nor calendar adjusted data - ESA 2010",4D0,,,,2,,,,,,,,,,S,Gross fixed capital formation of Non financial corporations,,6,
QSA.Q.N.RO.W0.S11.S1.N.D.P51G._Z._Z._Z.XDC._T.S.V.N._T,Q,N,RO,W0,S11,S1,N,D,P51G,_Z,_Z,_Z,XDC,_T,S,V,N,_T,2019-Q1,21404.7,A,F,,,,,P3M,,"Romania, reporting institutional sector Non financial corporations - Gross fixed capital formation - Not applicable - Not applicable - Counterpart area World (all areas, including reference area, including IO), counterpart institutional sector Total economy - Debit (Uses) - Non-consolidated, Current prices - Domestic currency (incl. conversion to current currency made using a fixed parity), Neither seasonally adjusted nor calendar adjusted data - ESA 2010",4D0,,,,2,,,,,,,,,,S,Gross fixed capital formation of Non financial corporations,,6,
QSA.Q.N.RO.W0.S11.S1.N.D.P51G._Z._Z._Z.XDC._T.S.V.N._T,Q,N,RO,W0,S11,S1,N,D,P51G,_Z,_Z,_Z,XDC,_T,S,V,N,_T,2019-Q2,42983.6,A,F,,,,,P3M,,"Romania, reporting institutional sector Non financial corporations - Gross fixed capital formation - Not applicable - Not applicable - Counterpart area World (all areas, including reference area, including IO), counterpart institutional sector Total economy - Debit (Uses) - Non-consolidated, Current prices - Domestic currency (incl. conversion to current currency made using a fixed parity), Neither seasonally adjusted nor calendar adjusted data - ESA 2010",4D0,,,,2,,,,,,,,,,S,Gross fixed capital formation of Non financial corporations,,6,
QSA.Q.N.RO.W0.S11.S1.N.D.P51G._Z._Z._Z.XDC._T.S.V.N._T,Q,N,RO,W0,S11,S1,N,D,P51G,_Z,_Z,_Z,XDC,_T,S,V,N,_T,2019-Q3,32698.4,A,F,,,,,P3M,,"Romania, reporting institutional sector Non financial corporations - Gross fixed capital formation - Not applicable - Not applicable - Counterpart area World (all areas, including reference area, including IO), counterpart institutional sector Total economy - Debit (Uses) - Non-consolidated, Current prices - Domestic currency (incl. conversion to current currency made using a fixed parity), Neither seasonally adjusted nor calendar adjusted data - ESA 2010",4D0,,,,2,,,,,,,,,,S,Gross fixed capital formation of Non financial corporations,,6,
QSA.Q.N.RO.W0.S11.S1.N.D.P51G._Z._Z._Z.XDC._T.S.V.N._T,Q,N,RO,W0,S11,S1,N,D,P51G,_Z,_Z,_Z,XDC,_T,S,V,N,_T,2019-Q4,40743.4,A,F,,,,,P3M,,"Romania, reporting institutional sector Non financial corporations - Gross fixed capital formation - Not applicable - Not applicable - Counterpart area World (all areas, including reference area, including IO), counterpart institutional sector Total economy - Debit (Uses) - Non-consolidated, Current prices - Domestic currency (incl. conversion to current currency made using a fixed parity), Neither seasonally adjusted nor calendar adjusted data - ESA 2010",4D0,,,,2,,,,,,,,,,S,Gross fixed capital formation of Non financial corporations,,6,
QSA.Q.N.RO.W0.S11.S1.N.D.P51G._Z._Z._Z.XDC._T.S.V.N._T,Q,N,RO,W0,S11,S1,N,D,P51G,_Z,_Z,_Z,XDC,_T,S,V,N,_T,2020-Q1,27714.3,A,F,,,,,P3M,,"Romania, reporting institutional sector Non financial corporations - Gross fixed capital formation - Not applicable - Not applicable - Counterpart area World (all areas, including reference area, including IO), counterpart institutional sector Total economy - Debit (Uses) - Non-consolidated, Current prices - Domestic currency (incl. conversion to current currency made using a fixed parity), Neither seasonally adjusted nor calendar adjusted data - ESA 2010",4D0,,,,2,,,,,,,,,,S,Gross fixed capital formation of Non financial corporations,,6,
QSA.Q.N.RO.W0.S11.S1.N.D.P51G._Z._Z._Z.XDC._T.S.V.N._T,Q,N,RO,W0,S11,S1,N,D,P51G,_Z,_Z,_Z,XDC,_T,S,V,N,_T,2020-Q2,41319.8,A,F,,,,,P3M,,"Romania, reporting institutional sector Non financial corporations - Gross fixed capital formation - Not applicable - Not applicable - Counterpart area World (all areas, including reference area, including IO), counterpart institutional sector Total economy - Debit (Uses) - Non-consolidated, Current prices - Domestic currency (incl. conversion to current currency made using a fixed parity), Neither seasonally adjusted nor calendar adjusted data - ESA 2010",4D0,,,,2,,,,,,,,,,S,Gross fixed capital formation of Non financial corporations,,6,
QSA.Q.N.RO.W0.S11.S1.N.D.P51G._Z._Z._Z.XDC._T.S.V.N._T,Q,N,RO,W0,S11,S1,N,D,P51G,_Z,_Z,_Z,XDC,_T,S,V,N,_T,2020-Q3,37529.8,A,F,,,,,P3M,,"Romania, reporting institutional sector Non financial corporations - Gross fixed capital formation - Not applicable - Not applicable - Counterpart area World (all areas, including reference area, including IO), counterpart institutional sector Total economy - Debit (Uses) - Non-consolidated, Current prices - Domestic currency (incl. conversion to current currency made using a fixed parity), Neither seasonally adjusted nor calendar adjusted data - ESA 2010",4D0,,,,2,,,,,,,,,,S,Gross fixed capital formation of Non financial corporations,,6,
QSA.Q.N.RO.W0.S11.S1.N.D.P51G._Z._Z._Z.XDC._T.S.V.N._T,Q,N,RO,W0,S11,S1,N,D,P51G,_Z,_Z,_Z,XDC,_T,S,V,N,_T,2020-Q4,29986.9,A,F,,,,,P3M,,"Romania, reporting institutional sector Non financial corporations - Gross fixed capital formation - Not applicable - Not applicable - Counterpart area World (all areas, including reference area, including IO), counterpart institutional sector Total economy - Debit (Uses) - Non-consolidated, Current prices - Domestic currency (incl. conversion to current currency made using a fixed parity), Neither seasonally adjusted nor calendar adjusted data - ESA 2010",4D0,,,,2,,,,,,,,,,S,Gross fixed capital formation of Non financial corporations,,6,
QSA.Q.N.RO.W0.S11.S1.N.D.P51G._Z._Z._Z.XDC._T.S.V.N._T,Q,N,RO,W0,S11,S1,N,D,P51G,_Z,_Z,_Z,XDC,_T,S,V,N,_T,2021-Q1,19999.8,A,F,,,,,P3M,,"Romania, reporting institutional sector Non financial corporations - Gross fixed capital formation - Not applicable - Not applicable - Counterpart area World (all areas, including reference area, including IO), counterpart institutional sector Total economy - Debit (Uses) - Non-consolidated, Current prices - Domestic currency (incl. conversion to current currency made using a fixed parity), Neither seasonally adjusted nor calendar adjusted data - ESA 2010",4D0,,,,2,,,,,,,,,,S,Gross fixed capital formation of Non financial corporations,,6,
QSA.Q.N.RO.W0.S11.S1.N.D.P51G._Z._Z._Z.XDC._T.S.V.N._T,Q,N,RO,W0,S11,S1,N,D,P51G,_Z,_Z,_Z,XDC,_T,S,V,N,_T,2021-Q2,38083.9,A,F,,,,,P3M,,"Romania, reporting institutional sector Non financial corporations - Gross fixed capital formation - Not applicable - Not applicable - Counterpart area World (all areas, including reference area, including IO), counterpart institutional sector Total economy - Debit (Uses) - Non-consolidated, Current prices - Domestic currency (incl. conversion to current currency made using a fixed parity), Neither seasonally adjusted nor calendar adjusted data - ESA 2010",4D0,,,,2,,,,,,,,,,S,Gross fixed capital formation of Non financial corporations,,6,
QSA.Q.N.RO.W0.S11.S1.N.D.P51G._Z._Z._Z.XDC._T.S.V.N._T,Q,N,RO,W0,S11,S1,N,D,P51G,_Z,_Z,_Z,XDC,_T,S,V,N,_T,2021-Q3,54513.3,A,F,,,,,P3M,,"Romania, reporting institutional sector Non financial corporations - Gross fixed capital formation - Not applicable - Not applicable - Counterpart area World (all areas, including reference area, including IO), counterpart institutional sector Total economy - Debit (Uses) - Non-consolidated, Current prices - Domestic currency (incl. conversion to current currency made using a fixed parity), Neither seasonally adjusted nor calendar adjusted data - ESA 2010",4D0,,,,2,,,,,,,,,,S,Gross fixed capital formation of Non financial corporations,,6,
QSA.Q.N.RO.W0.S11.S1.N.D.P51G._Z._Z._Z.XDC._T.S.V.N._T,Q,N,RO,W0,S11,S1,N,D,P51G,_Z,_Z,_Z,XDC,_T,S,V,N,_T,2021-Q4,30900.6,A,F,,,,,P3M,,"Romania, reporting institutional sector Non financial corporations - Gross fixed capital formation - Not applicable - Not applicable - Counterpart area World (all areas, including reference area, including IO), counterpart institutional sector Total economy - Debit (Uses) - Non-consolidated, Current prices - Domestic currency (incl. conversion to current currency made using a fixed parity), Neither seasonally adjusted nor calendar adjusted data - ESA 2010",4D0,,,,2,,,,,,,,,,S,Gross fixed capital formation of Non financial corporations,,6,
QSA.Q.N.RO.W0.S11.S1.N.D.P51G._Z._Z._Z.XDC._T.S.V.N._T,Q,N,RO,W0,S11,S1,N,D,P51G,_Z,_Z,_Z,XDC,_T,S,V,N,_T,2022-Q1,26361.6,A,F,,,,,P3M,,"Romania, reporting institutional sector Non financial corporations - Gross fixed capital formation - Not applicable - Not applicable - Counterpart area World (all areas, including reference area, including IO), counterpart institutional sector Total economy - Debit (Uses) - Non-consolidated, Current prices - Domestic currency (incl. conversion to current currency made using a fixed parity), Neither seasonally adjusted nor calendar adjusted data - ESA 2010",4D0,,,,2,,,,,,,,,,S,Gross fixed capital formation of Non financial corporations,,6,
QSA.Q.N.RO.W0.S11.S1.N.D.P51G._Z._Z._Z.XDC._T.S.V.N._T,Q,N,RO,W0,S11,S1,N,D,P51G,_Z,_Z,_Z,XDC,_T,S,V,N,_T,2022-Q2,46674.3,A,F,,,,,P3M,,"Romania, reporting institutional sector Non financial corporations - Gross fixed capital formation - Not applicable - Not applicable - Counterpart area World (all areas, including reference area, including IO), counterpart institutional sector Total economy - Debit (Uses) - Non-consolidated, Current prices - Domestic currency (incl. conversion to current currency made using a fixed parity), Neither seasonally adjusted nor calendar adjusted data - ESA 2010",4D0,,,,2,,,,,,,,,,S,Gross fixed capital formation of Non financial corporations,,6,
QSA.Q.N.RO.W0.S11.S1.N.D.P51G._Z._Z._Z.XDC._T.S.V.N._T,Q,N,RO,W0,S11,S1,N,D,P51G,_Z,_Z,_Z,XDC,_T,S,V,N,_T,2022-Q3,55751,A,F,,,,,P3M,,"Romania, reporting institutional sector Non financial corporations - Gross fixed capital formation - Not applicable - Not applicable - Counterpart area World (all areas, including reference area, including IO), counterpart institutional sector Total economy - Debit (Uses) - Non-consolidated, Current prices - Domestic currency (incl. conversion to current currency made using a fixed parity), Neither seasonally adjusted nor calendar adjusted data - ESA 2010",4D0,,,,2,,,,,,,,,,S,Gross fixed capital formation of Non financial corporations,,6,
QSA.Q.N.RO.W0.S11.S1.N.D.P51G._Z._Z._Z.XDC._T.S.V.N._T,Q,N,RO,W0,S11,S1,N,D,P51G,_Z,_Z,_Z,XDC,_T,S,V,N,_T,2022-Q4,47293.1,A,F,,,,,P3M,,"Romania, reporting institutional sector Non financial corporations - Gross fixed capital formation - Not applicable - Not applicable - Counterpart area World (all areas, including reference area, including IO), counterpart institutional sector Total economy - Debit (Uses) - Non-consolidated, Current prices - Domestic currency (incl. conversion to current currency made using a fixed parity), Neither seasonally adjusted nor calendar adjusted data - ESA 2010",4D0,,,,2,,,,,,,,,,S,Gross fixed capital formation of Non financial corporations,,6,
QSA.Q.N.RO.W0.S11.S1.N.D.P51G._Z._Z._Z.XDC._T.S.V.N._T,Q,N,RO,W0,S11,S1,N,D,P51G,_Z,_Z,_Z,XDC,_T,S,V,N,_T,2023-Q1,31353.3,A,F,,,,,P3M,,"Romania, reporting institutional sector Non financial corporations - Gross fixed capital formation - Not applicable - Not applicable - Counterpart area World (all areas, including reference area, including IO), counterpart institutional sector Total economy - Debit (Uses) - Non-consolidated, Current prices - Domestic currency (incl. conversion to current currency made using a fixed parity), Neither seasonally adjusted nor calendar adjusted data - ESA 2010",4D0,,,,2,,,,,,,,,,S,Gross fixed capital formation of Non financial corporations,,6,
QSA.Q.N.RO.W0.S11.S1.N.D.P51G._Z._Z._Z.XDC._T.S.V.N._T,Q,N,RO,W0,S11,S1,N,D,P51G,_Z,_Z,_Z,XDC,_T,S,V,N,_T,2023-Q2,51176.5,A,F,,,,,P3M,,"Romania, reporting institutional sector Non financial corporations - Gross fixed capital formation - Not applicable - Not applicable - Counterpart area World (all areas, including reference area, including IO), counterpart institutional sector Total economy - Debit (Uses) - Non-consolidated, Current prices - Domestic currency (incl. conversion to current currency made using a fixed parity), Neither seasonally adjusted nor calendar adjusted data - ESA 2010",4D0,,,,2,,,,,,,,,,S,Gross fixed capital formation of Non financial corporations,,6,
QSA.Q.N.RO.W0.S11.S1.N.D.P51G._Z._Z._Z.XDC._T.S.V.N._T,Q,N,RO,W0,S11,S1,N,D,P51G,_Z,_Z,_Z,XDC,_T,S,V,N,_T,2023-Q3,71866.8,A,F,,,,,P3M,,"Romania, reporting institutional sector Non financial corporations - Gross fixed capital formation - Not applicable - Not applicable - Counterpart area World (all areas, including reference area, including IO), counterpart institutional sector Total economy - Debit (Uses) - Non-consolidated, Current prices - Domestic currency (incl. conversion to current currency made using a fixed parity), Neither seasonally adjusted nor calendar adjusted data - ESA 2010",4D0,,,,2,,,,,,,,,,S,Gross fixed capital formation of Non financial corporations,,6,
QSA.Q.N.RO.W0.S11.S1.N.D.P51G._Z._Z._Z.XDC._T.S.V.N._T,Q,N,RO,W0,S11,S1,N,D,P51G,_Z,_Z,_Z,XDC,_T,S,V,N,_T,2023-Q4,48741.6,A,F,,,,,P3M,,"Romania, reporting institutional sector Non financial corporations - Gross fixed capital formation - Not applicable - Not applicable - Counterpart area World (all areas, including reference area, including IO), counterpart institutional sector Total economy - Debit (Uses) - Non-consolidated, Current prices - Domestic currency (incl. conversion to current currency made using a fixed parity), Neither seasonally adjusted nor calendar adjusted data - ESA 2010",4D0,,,,2,,,,,,,,,,S,Gross fixed capital formation of Non financial corporations,,6,
QSA.Q.N.RO.W0.S11.S1.N.D.P51G._Z._Z._Z.XDC._T.S.V.N._T,Q,N,RO,W0,S11,S1,N,D,P51G,_Z,_Z,_Z,XDC,_T,S,V,N,_T,2024-Q1,25399,P,F,,,,,P3M,,"Romania, reporting institutional sector Non financial corporations - Gross fixed capital formation - Not applicable - Not applicable - Counterpart area World (all areas, including reference area, including IO), counterpart institutional sector Total economy - Debit (Uses) - Non-consolidated, Current prices - Domestic currency (incl. conversion to current currency made using a fixed parity), Neither seasonally adjusted nor calendar adjusted data - ESA 2010",4D0,,,,2,,,,,,,,,,S,Gross fixed capital formation of Non financial corporations,,6,
QSA.Q.N.RO.W0.S11.S1.N.D.P51G._Z._Z._Z.XDC._T.S.V.N._T,Q,N,RO,W0,S11,S1,N,D,P51G,_Z,_Z,_Z,XDC,_T,S,V,N,_T,2024-Q2,65623.7,P,F,,,,,P3M,,"Romania, reporting institutional sector Non financial corporations - Gross fixed capital formation - Not applicable - Not applicable - Counterpart area World (all areas, including reference area, including IO), counterpart institutional sector Total economy - Debit (Uses) - Non-consolidated, Current prices - Domestic currency (incl. conversion to current currency made using a fixed parity), Neither seasonally adjusted nor calendar adjusted data - ESA 2010",4D0,,,,2,,,,,,,,,,S,Gross fixed capital formation of Non financial corporations,,6,
QSA.Q.N.RO.W0.S11.S1.N.D.P51G._Z._Z._Z.XDC._T.S.V.N._T,Q,N,RO,W0,S11,S1,N,D,P51G,_Z,_Z,_Z,XDC,_T,S,V,N,_T,2024-Q3,82297.1,P,F,,,,,P3M,,"Romania, reporting institutional sector Non financial corporations - Gross fixed capital formation - Not applicable - Not applicable - Counterpart area World (all areas, including reference area, including IO), counterpart institutional sector Total economy - Debit (Uses) - Non-consolidated, Current prices - Domestic currency (incl. conversion to current currency made using a fixed parity), Neither seasonally adjusted nor calendar adjusted data - ESA 2010",4D0,,,,2,,,,,,,,,,S,Gross fixed capital formation of Non financial corporations,,6,
QSA.Q.N.RO.W0.S11.S1.N.D.P51G._Z._Z._Z.XDC._T.S.V.N._T,Q,N,RO,W0,S11,S1,N,D,P51G,_Z,_Z,_Z,XDC,_T,S,V,N,_T,2024-Q4,39619.9,P,F,,,,,P3M,,"Romania, reporting institutional sector Non financial corporations - Gross fixed capital formation - Not applicable - Not applicable - Counterpart area World (all areas, including reference area, including IO), counterpart institutional sector Total economy - Debit (Uses) - Non-consolidated, Current prices - Domestic currency (incl. conversion to current currency made using a fixed parity), Neither seasonally adjusted nor calendar adjusted data - ESA 2010",4D0,,,,2,,,,,,,,,,S,Gross fixed capital formation of Non financial corporations,,6,
QSA.Q.N.RO.W0.S11.S1.N.D.P51G._Z._Z._Z.XDC._T.S.V.N._T,Q,N,RO,W0,S11,S1,N,D,P51G,_Z,_Z,_Z,XDC,_T,S,V,N,_T,2025-Q1,26417.5,P,F,,,,,P3M,,"Romania, reporting institutional sector Non financial corporations - Gross fixed capital formation - Not applicable - Not applicable - Counterpart area World (all areas, including reference area, including IO), counterpart institutional sector Total economy - Debit (Uses) - Non-consolidated, Current prices - Domestic currency (incl. conversion to current currency made using a fixed parity), Neither seasonally adjusted nor calendar adjusted data - ESA 2010",4D0,,,,2,,,,,,,,,,S,Gross fixed capital formation of Non financial corporations,,6,
QSA.Q.N.RO.W0.S11.S1.N.D.P51G._Z._Z._Z.XDC._T.S.V.N._T,Q,N,RO,W0,S11,S1,N,D,P51G,_Z,_Z,_Z,XDC,_T,S,V,N,_T,2025-Q2,66068.6,P,F,,,,,P3M,,"Romania, reporting institutional sector Non financial corporations - Gross fixed capital formation - Not applicable - Not applicable - Counterpart area World (all areas, including reference area, including IO), counterpart institutional sector Total economy - Debit (Uses) - Non-consolidated, Current prices - Domestic currency (incl. conversion to current currency made using a fixed parity), Neither seasonally adjusted nor calendar adjusted data - ESA 2010",4D0,,,,2,,,,,,,,,,S,Gross fixed capital formation of Non financial corporations,,6,
QSA.Q.N.RO.W0.S11.S1.N.D.P51G._Z._Z._Z.XDC._T.S.V.N._T,Q,N,RO,W0,S11,S1,N,D,P51G,_Z,_Z,_Z,XDC,_T,S,V,N,_T,2025-Q3,93706.3,P,F,,,,,P3M,,"Romania, reporting institutional sector Non financial corporations - Gross fixed capital formation - Not applicable - Not applicable - Counterpart area World (all areas, including reference area, including IO), counterpart institutional sector Total economy - Debit (Uses) - Non-consolidated, Current prices - Domestic currency (incl. conversion to current currency made using a fixed parity), Neither seasonally adjusted nor calendar adjusted data - ESA 2010",4D0,,,,2,,,,,,,,,,S,Gross fixed capital formation of Non financial corporations,,6,
QSA.Q.N.RO.W0.S11.S1.N.D.P51G._Z._Z._Z.XDC._T.S.V.N._T,Q,N,RO,W0,S11,S1,N,D,P51G,_Z,_Z,_Z,XDC,_T,S,V,N,_T,2025-Q4,45775.5,P,F,,,,,P3M,,"Romania, reporting institutional sector Non financial corporations - Gross fixed capital formation - Not applicable - Not applicable - Counterpart area World (all areas, including reference area, including IO), counterpart institutional sector Total economy - Debit (Uses) - Non-consolidated, Current prices - Domestic currency (incl. conversion to current currency made using a fixed parity), Neither seasonally adjusted nor calendar adjusted data - ESA 2010",4D0,,,,2,,,,,,,,,,S,Gross fixed capital formation of Non financial corporations,,6,
QSA.Q.N.RO.W0.S11.S1.N.D.P51G._Z._Z._Z.XDC._T.S.V.N._T,Q,N,RO,W0,S11,S1,N,D,P51G,_Z,_Z,_Z,XDC,_T,S,V,N,_T,2026-Q1,30630.191379,P,F,,,,,P3M,,"Romania, reporting institutional sector Non financial corporations - Gross fixed capital formation - Not applicable - Not applicable - Counterpart area World (all areas, including reference area, including IO), counterpart institutional sector Total economy - Debit (Uses) - Non-consolidated, Current prices - Domestic currency (incl. conversion to current currency made using a fixed parity), Neither seasonally adjusted nor calendar adjusted data - ESA 2010",4D0,,,,2,,,,,,,,,,S,Gross fixed capital formation of Non financial corporations,,6,
