KEY,FREQ,CURRENCY,CURRENCY_DENOM,EXR_TYPE,EXR_SUFFIX,TIME_PERIOD,OBS_VALUE,OBS_STATUS,OBS_CONF,OBS_PRE_BREAK,OBS_COM,TIME_FORMAT,BREAKS,COLLECTION,COMPILING_ORG,DISS_ORG,DOM_SER_IDS,PUBL_ECB,PUBL_MU,PUBL_PUBLIC,UNIT_INDEX_BASE,COMPILATION,COVERAGE,DECIMALS,NAT_TITLE,SOURCE_AGENCY,SOURCE_PUB,TITLE,TITLE_COMPL,UNIT,UNIT_MULT
EXR.M.RON.EUR.SP00.A,M,RON,EUR,SP00,A,1999-01,1.319435,A,F,,,P1M,,A,,,,,,,99Q1=100,"Before 1st July 2005 old Romanian leu (ROL) divided by 10,000 is used",,4,,4F0,,Romanian leu/Euro ECB reference exchange rate,"ECB reference exchange rate, Romanian leu/Euro, 2.15 pm (C.E.T.)",RON,0
EXR.M.RON.EUR.SP00.A,M,RON,EUR,SP00,A,1999-02,1.37744,A,F,,,P1M,,A,,,,,,,99Q1=100,"Before 1st July 2005 old Romanian leu (ROL) divided by 10,000 is used",,4,,4F0,,Romanian leu/Euro ECB reference exchange rate,"ECB reference exchange rate, Romanian leu/Euro, 2.15 pm (C.E.T.)",RON,0
EXR.M.RON.EUR.SP00.A,M,RON,EUR,SP00,A,1999-03,1.5504086956522,A,F,,,P1M,,A,,,,,,,99Q1=100,"Before 1st July 2005 old Romanian leu (ROL) divided by 10,000 is used",,4,,4F0,,Romanian leu/Euro ECB reference exchange rate,"ECB reference exchange rate, Romanian leu/Euro, 2.15 pm (C.E.T.)",RON,0
EXR.M.RON.EUR.SP00.A,M,RON,EUR,SP00,A,1999-04,1.5815818181818,A,F,,,P1M,,A,,,,,,,99Q1=100,"Before 1st July 2005 old Romanian leu (ROL) divided by 10,000 is used",,4,,4F0,,Romanian leu/Euro ECB reference exchange rate,"ECB reference exchange rate, Romanian leu/Euro, 2.15 pm (C.E.T.)",RON,0
EXR.M.RON.EUR.SP00.A,M,RON,EUR,SP00,A,1999-05,1.6205380952381,A,F,,,P1M,,A,,,,,,,99Q1=100,"Before 1st July 2005 old Romanian leu (ROL) divided by 10,000 is used",,4,,4F0,,Romanian leu/Euro ECB reference exchange rate,"ECB reference exchange rate, Romanian leu/Euro, 2.15 pm (C.E.T.)",RON,0
EXR.M.RON.EUR.SP00.A,M,RON,EUR,SP00,A,1999-06,1.6364090909091,A,F,,,P1M,,A,,,,,,,99Q1=100,"Before 1st July 2005 old Romanian leu (ROL) divided by 10,000 is used",,4,,4F0,,Romanian leu/Euro ECB reference exchange rate,"ECB reference exchange rate, Romanian leu/Euro, 2.15 pm (C.E.T.)",RON,0
EXR.M.RON.EUR.SP00.A,M,RON,EUR,SP00,A,1999-07,1.6470363636364,A,F,,,P1M,,A,,,,,,,99Q1=100,"Before 1st July 2005 old Romanian leu (ROL) divided by 10,000 is used",,4,,4F0,,Romanian leu/Euro ECB reference exchange rate,"ECB reference exchange rate, Romanian leu/Euro, 2.15 pm (C.E.T.)",RON,0
EXR.M.RON.EUR.SP00.A,M,RON,EUR,SP00,A,1999-08,1.7057954545455,A,F,,,P1M,,A,,,,,,,99Q1=100,"Before 1st July 2005 old Romanian leu (ROL) divided by 10,000 is used",,4,,4F0,,Romanian leu/Euro ECB reference exchange rate,"ECB reference exchange rate, Romanian leu/Euro, 2.15 pm (C.E.T.)",RON,0
EXR.M.RON.EUR.SP00.A,M,RON,EUR,SP00,A,1999-09,1.7185772727273,A,F,,,P1M,,A,,,,,,,99Q1=100,"Before 1st July 2005 old Romanian leu (ROL) divided by 10,000 is used",,4,,4F0,,Romanian leu/Euro ECB reference exchange rate,"ECB reference exchange rate, Romanian leu/Euro, 2.15 pm (C.E.T.)",RON,0
EXR.M.RON.EUR.SP00.A,M,RON,EUR,SP00,A,1999-10,1.788419047619,A,F,,,P1M,,A,,,,,,,99Q1=100,"Before 1st July 2005 old Romanian leu (ROL) divided by 10,000 is used",,4,,4F0,,Romanian leu/Euro ECB reference exchange rate,"ECB reference exchange rate, Romanian leu/Euro, 2.15 pm (C.E.T.)",RON,0
EXR.M.RON.EUR.SP00.A,M,RON,EUR,SP00,A,1999-11,1.8067136363636,A,F,,,P1M,,A,,,,,,,99Q1=100,"Before 1st July 2005 old Romanian leu (ROL) divided by 10,000 is used",,4,,4F0,,Romanian leu/Euro ECB reference exchange rate,"ECB reference exchange rate, Romanian leu/Euro, 2.15 pm (C.E.T.)",RON,0
EXR.M.RON.EUR.SP00.A,M,RON,EUR,SP00,A,1999-12,1.8200545454545,A,F,,,P1M,,A,,,,,,,99Q1=100,"Before 1st July 2005 old Romanian leu (ROL) divided by 10,000 is used",,4,,4F0,,Romanian leu/Euro ECB reference exchange rate,"ECB reference exchange rate, Romanian leu/Euro, 2.15 pm (C.E.T.)",RON,0
EXR.M.RON.EUR.SP00.A,M,RON,EUR,SP00,A,2000-01,1.8591904761905,A,F,,,P1M,,A,,,,,,,99Q1=100,"Before 1st July 2005 old Romanian leu (ROL) divided by 10,000 is used",,4,,4F0,,Romanian leu/Euro ECB reference exchange rate,"ECB reference exchange rate, Romanian leu/Euro, 2.15 pm (C.E.T.)",RON,0
EXR.M.RON.EUR.SP00.A,M,RON,EUR,SP00,A,2000-02,1.8396333333333,A,F,,,P1M,,A,,,,,,,99Q1=100,"Before 1st July 2005 old Romanian leu (ROL) divided by 10,000 is used",,4,,4F0,,Romanian leu/Euro ECB reference exchange rate,"ECB reference exchange rate, Romanian leu/Euro, 2.15 pm (C.E.T.)",RON,0
EXR.M.RON.EUR.SP00.A,M,RON,EUR,SP00,A,2000-03,1.8527,A,F,,,P1M,,A,,,,,,,99Q1=100,"Before 1st July 2005 old Romanian leu (ROL) divided by 10,000 is used",,4,,4F0,,Romanian leu/Euro ECB reference exchange rate,"ECB reference exchange rate, Romanian leu/Euro, 2.15 pm (C.E.T.)",RON,0
EXR.M.RON.EUR.SP00.A,M,RON,EUR,SP00,A,2000-04,1.8692444444444,A,F,,,P1M,,A,,,,,,,99Q1=100,"Before 1st July 2005 old Romanian leu (ROL) divided by 10,000 is used",,4,,4F0,,Romanian leu/Euro ECB reference exchange rate,"ECB reference exchange rate, Romanian leu/Euro, 2.15 pm (C.E.T.)",RON,0
EXR.M.RON.EUR.SP00.A,M,RON,EUR,SP00,A,2000-05,1.84695,A,F,,,P1M,,A,,,,,,,99Q1=100,"Before 1st July 2005 old Romanian leu (ROL) divided by 10,000 is used",,4,,4F0,,Romanian leu/Euro ECB reference exchange rate,"ECB reference exchange rate, Romanian leu/Euro, 2.15 pm (C.E.T.)",RON,0
EXR.M.RON.EUR.SP00.A,M,RON,EUR,SP00,A,2000-06,1.9965727272727,A,F,,,P1M,,A,,,,,,,99Q1=100,"Before 1st July 2005 old Romanian leu (ROL) divided by 10,000 is used",,4,,4F0,,Romanian leu/Euro ECB reference exchange rate,"ECB reference exchange rate, Romanian leu/Euro, 2.15 pm (C.E.T.)",RON,0
EXR.M.RON.EUR.SP00.A,M,RON,EUR,SP00,A,2000-07,2.029580952381,A,F,,,P1M,,A,,,,,,,99Q1=100,"Before 1st July 2005 old Romanian leu (ROL) divided by 10,000 is used",,4,,4F0,,Romanian leu/Euro ECB reference exchange rate,"ECB reference exchange rate, Romanian leu/Euro, 2.15 pm (C.E.T.)",RON,0
EXR.M.RON.EUR.SP00.A,M,RON,EUR,SP00,A,2000-08,2.0270130434783,A,F,,,P1M,,A,,,,,,,99Q1=100,"Before 1st July 2005 old Romanian leu (ROL) divided by 10,000 is used",,4,,4F0,,Romanian leu/Euro ECB reference exchange rate,"ECB reference exchange rate, Romanian leu/Euro, 2.15 pm (C.E.T.)",RON,0
EXR.M.RON.EUR.SP00.A,M,RON,EUR,SP00,A,2000-09,2.0592619047619,A,F,,,P1M,,A,,,,,,,99Q1=100,"Before 1st July 2005 old Romanian leu (ROL) divided by 10,000 is used",,4,,4F0,,Romanian leu/Euro ECB reference exchange rate,"ECB reference exchange rate, Romanian leu/Euro, 2.15 pm (C.E.T.)",RON,0
EXR.M.RON.EUR.SP00.A,M,RON,EUR,SP00,A,2000-10,2.0985772727273,A,F,,,P1M,,A,,,,,,,99Q1=100,"Before 1st July 2005 old Romanian leu (ROL) divided by 10,000 is used",,4,,4F0,,Romanian leu/Euro ECB reference exchange rate,"ECB reference exchange rate, Romanian leu/Euro, 2.15 pm (C.E.T.)",RON,0
EXR.M.RON.EUR.SP00.A,M,RON,EUR,SP00,A,2000-11,2.1488909090909,A,F,,,P1M,,A,,,,,,,99Q1=100,"Before 1st July 2005 old Romanian leu (ROL) divided by 10,000 is used",,4,,4F0,,Romanian leu/Euro ECB reference exchange rate,"ECB reference exchange rate, Romanian leu/Euro, 2.15 pm (C.E.T.)",RON,0
EXR.M.RON.EUR.SP00.A,M,RON,EUR,SP00,A,2000-12,2.2938526315789,A,F,,,P1M,,A,,,,,,,99Q1=100,"Before 1st July 2005 old Romanian leu (ROL) divided by 10,000 is used",,4,,4F0,,Romanian leu/Euro ECB reference exchange rate,"ECB reference exchange rate, Romanian leu/Euro, 2.15 pm (C.E.T.)",RON,0
EXR.M.RON.EUR.SP00.A,M,RON,EUR,SP00,A,2001-01,2.4591181818182,A,F,,,P1M,,A,,,,,,,99Q1=100,"Before 1st July 2005 old Romanian leu (ROL) divided by 10,000 is used",,4,,4F0,,Romanian leu/Euro ECB reference exchange rate,"ECB reference exchange rate, Romanian leu/Euro, 2.15 pm (C.E.T.)",RON,0
EXR.M.RON.EUR.SP00.A,M,RON,EUR,SP00,A,2001-02,2.47025,A,F,,,P1M,,A,,,,,,,99Q1=100,"Before 1st July 2005 old Romanian leu (ROL) divided by 10,000 is used",,4,,4F0,,Romanian leu/Euro ECB reference exchange rate,"ECB reference exchange rate, Romanian leu/Euro, 2.15 pm (C.E.T.)",RON,0
EXR.M.RON.EUR.SP00.A,M,RON,EUR,SP00,A,2001-03,2.4825363636364,A,F,,,P1M,,A,,,,,,,99Q1=100,"Before 1st July 2005 old Romanian leu (ROL) divided by 10,000 is used",,4,,4F0,,Romanian leu/Euro ECB reference exchange rate,"ECB reference exchange rate, Romanian leu/Euro, 2.15 pm (C.E.T.)",RON,0
EXR.M.RON.EUR.SP00.A,M,RON,EUR,SP00,A,2001-04,2.4870157894737,A,F,,,P1M,,A,,,,,,,99Q1=100,"Before 1st July 2005 old Romanian leu (ROL) divided by 10,000 is used",,4,,4F0,,Romanian leu/Euro ECB reference exchange rate,"ECB reference exchange rate, Romanian leu/Euro, 2.15 pm (C.E.T.)",RON,0
EXR.M.RON.EUR.SP00.A,M,RON,EUR,SP00,A,2001-05,2.4918318181818,A,F,,,P1M,,A,,,,,,,99Q1=100,"Before 1st July 2005 old Romanian leu (ROL) divided by 10,000 is used",,4,,4F0,,Romanian leu/Euro ECB reference exchange rate,"ECB reference exchange rate, Romanian leu/Euro, 2.15 pm (C.E.T.)",RON,0
EXR.M.RON.EUR.SP00.A,M,RON,EUR,SP00,A,2001-06,2.4704666666667,A,F,,,P1M,,A,,,,,,,99Q1=100,"Before 1st July 2005 old Romanian leu (ROL) divided by 10,000 is used",,4,,4F0,,Romanian leu/Euro ECB reference exchange rate,"ECB reference exchange rate, Romanian leu/Euro, 2.15 pm (C.E.T.)",RON,0
EXR.M.RON.EUR.SP00.A,M,RON,EUR,SP00,A,2001-07,2.5272772727273,A,F,,,P1M,,A,,,,,,,99Q1=100,"Before 1st July 2005 old Romanian leu (ROL) divided by 10,000 is used",,4,,4F0,,Romanian leu/Euro ECB reference exchange rate,"ECB reference exchange rate, Romanian leu/Euro, 2.15 pm (C.E.T.)",RON,0
EXR.M.RON.EUR.SP00.A,M,RON,EUR,SP00,A,2001-08,2.6845565217391,A,F,,,P1M,,A,,,,,,,99Q1=100,"Before 1st July 2005 old Romanian leu (ROL) divided by 10,000 is used",,4,,4F0,,Romanian leu/Euro ECB reference exchange rate,"ECB reference exchange rate, Romanian leu/Euro, 2.15 pm (C.E.T.)",RON,0
EXR.M.RON.EUR.SP00.A,M,RON,EUR,SP00,A,2001-09,2.75559,A,F,,,P1M,,A,,,,,,,99Q1=100,"Before 1st July 2005 old Romanian leu (ROL) divided by 10,000 is used",,4,,4F0,,Romanian leu/Euro ECB reference exchange rate,"ECB reference exchange rate, Romanian leu/Euro, 2.15 pm (C.E.T.)",RON,0
EXR.M.RON.EUR.SP00.A,M,RON,EUR,SP00,A,2001-10,2.7889391304348,A,F,,,P1M,,A,,,,,,,99Q1=100,"Before 1st July 2005 old Romanian leu (ROL) divided by 10,000 is used",,4,,4F0,,Romanian leu/Euro ECB reference exchange rate,"ECB reference exchange rate, Romanian leu/Euro, 2.15 pm (C.E.T.)",RON,0
EXR.M.RON.EUR.SP00.A,M,RON,EUR,SP00,A,2001-11,2.7797,A,F,,,P1M,,A,,,,,,,99Q1=100,"Before 1st July 2005 old Romanian leu (ROL) divided by 10,000 is used",,4,,4F0,,Romanian leu/Euro ECB reference exchange rate,"ECB reference exchange rate, Romanian leu/Euro, 2.15 pm (C.E.T.)",RON,0
EXR.M.RON.EUR.SP00.A,M,RON,EUR,SP00,A,2001-12,2.8150277777778,A,F,,,P1M,,A,,,,,,,99Q1=100,"Before 1st July 2005 old Romanian leu (ROL) divided by 10,000 is used",,4,,4F0,,Romanian leu/Euro ECB reference exchange rate,"ECB reference exchange rate, Romanian leu/Euro, 2.15 pm (C.E.T.)",RON,0
EXR.M.RON.EUR.SP00.A,M,RON,EUR,SP00,A,2002-01,2.8318681818182,A,F,,,P1M,,A,,,,,,,99Q1=100,"Before 1st July 2005 old Romanian leu (ROL) divided by 10,000 is used",,4,,4F0,,Romanian leu/Euro ECB reference exchange rate,"ECB reference exchange rate, Romanian leu/Euro, 2.15 pm (C.E.T.)",RON,0
EXR.M.RON.EUR.SP00.A,M,RON,EUR,SP00,A,2002-02,2.803095,A,F,,,P1M,,A,,,,,,,99Q1=100,"Before 1st July 2005 old Romanian leu (ROL) divided by 10,000 is used",,4,,4F0,,Romanian leu/Euro ECB reference exchange rate,"ECB reference exchange rate, Romanian leu/Euro, 2.15 pm (C.E.T.)",RON,0
EXR.M.RON.EUR.SP00.A,M,RON,EUR,SP00,A,2002-03,2.86837,A,F,,,P1M,,A,,,,,,,99Q1=100,"Before 1st July 2005 old Romanian leu (ROL) divided by 10,000 is used",,4,,4F0,,Romanian leu/Euro ECB reference exchange rate,"ECB reference exchange rate, Romanian leu/Euro, 2.15 pm (C.E.T.)",RON,0
EXR.M.RON.EUR.SP00.A,M,RON,EUR,SP00,A,2002-04,2.9328095238095,A,F,,,P1M,,A,,,,,,,99Q1=100,"Before 1st July 2005 old Romanian leu (ROL) divided by 10,000 is used",,4,,4F0,,Romanian leu/Euro ECB reference exchange rate,"ECB reference exchange rate, Romanian leu/Euro, 2.15 pm (C.E.T.)",RON,0
EXR.M.RON.EUR.SP00.A,M,RON,EUR,SP00,A,2002-05,3.0698818181818,A,F,,,P1M,,A,,,,,,,99Q1=100,"Before 1st July 2005 old Romanian leu (ROL) divided by 10,000 is used",,4,,4F0,,Romanian leu/Euro ECB reference exchange rate,"ECB reference exchange rate, Romanian leu/Euro, 2.15 pm (C.E.T.)",RON,0
EXR.M.RON.EUR.SP00.A,M,RON,EUR,SP00,A,2002-06,3.190785,A,F,,,P1M,,A,,,,,,,99Q1=100,"Before 1st July 2005 old Romanian leu (ROL) divided by 10,000 is used",,4,,4F0,,Romanian leu/Euro ECB reference exchange rate,"ECB reference exchange rate, Romanian leu/Euro, 2.15 pm (C.E.T.)",RON,0
EXR.M.RON.EUR.SP00.A,M,RON,EUR,SP00,A,2002-07,3.2745173913043,A,F,,,P1M,,A,,,,,,,99Q1=100,"Before 1st July 2005 old Romanian leu (ROL) divided by 10,000 is used",,4,,4F0,,Romanian leu/Euro ECB reference exchange rate,"ECB reference exchange rate, Romanian leu/Euro, 2.15 pm (C.E.T.)",RON,0
EXR.M.RON.EUR.SP00.A,M,RON,EUR,SP00,A,2002-08,3.23435,A,F,,,P1M,,A,,,,,,,99Q1=100,"Before 1st July 2005 old Romanian leu (ROL) divided by 10,000 is used",,4,,4F0,,Romanian leu/Euro ECB reference exchange rate,"ECB reference exchange rate, Romanian leu/Euro, 2.15 pm (C.E.T.)",RON,0
EXR.M.RON.EUR.SP00.A,M,RON,EUR,SP00,A,2002-09,3.2472904761905,A,F,,,P1M,,A,,,,,,,99Q1=100,"Before 1st July 2005 old Romanian leu (ROL) divided by 10,000 is used",,4,,4F0,,Romanian leu/Euro ECB reference exchange rate,"ECB reference exchange rate, Romanian leu/Euro, 2.15 pm (C.E.T.)",RON,0
EXR.M.RON.EUR.SP00.A,M,RON,EUR,SP00,A,2002-10,3.260652173913,A,F,,,P1M,,A,,,,,,,99Q1=100,"Before 1st July 2005 old Romanian leu (ROL) divided by 10,000 is used",,4,,4F0,,Romanian leu/Euro ECB reference exchange rate,"ECB reference exchange rate, Romanian leu/Euro, 2.15 pm (C.E.T.)",RON,0
EXR.M.RON.EUR.SP00.A,M,RON,EUR,SP00,A,2002-11,3.3592095238095,A,F,,,P1M,,A,,,,,,,99Q1=100,"Before 1st July 2005 old Romanian leu (ROL) divided by 10,000 is used",,4,,4F0,,Romanian leu/Euro ECB reference exchange rate,"ECB reference exchange rate, Romanian leu/Euro, 2.15 pm (C.E.T.)",RON,0
EXR.M.RON.EUR.SP00.A,M,RON,EUR,SP00,A,2002-12,3.425135,A,F,,,P1M,,A,,,,,,,99Q1=100,"Before 1st July 2005 old Romanian leu (ROL) divided by 10,000 is used",,4,,4F0,,Romanian leu/Euro ECB reference exchange rate,"ECB reference exchange rate, Romanian leu/Euro, 2.15 pm (C.E.T.)",RON,0
EXR.M.RON.EUR.SP00.A,M,RON,EUR,SP00,A,2003-01,3.5539227272727,A,F,,,P1M,,A,,,,,,,99Q1=100,"Before 1st July 2005 old Romanian leu (ROL) divided by 10,000 is used",,4,,4F0,,Romanian leu/Euro ECB reference exchange rate,"ECB reference exchange rate, Romanian leu/Euro, 2.15 pm (C.E.T.)",RON,0
EXR.M.RON.EUR.SP00.A,M,RON,EUR,SP00,A,2003-02,3.540295,A,F,,,P1M,,A,,,,,,,99Q1=100,"Before 1st July 2005 old Romanian leu (ROL) divided by 10,000 is used",,4,,4F0,,Romanian leu/Euro ECB reference exchange rate,"ECB reference exchange rate, Romanian leu/Euro, 2.15 pm (C.E.T.)",RON,0
EXR.M.RON.EUR.SP00.A,M,RON,EUR,SP00,A,2003-03,3.5831380952381,A,F,,,P1M,,A,,,,,,,99Q1=100,"Before 1st July 2005 old Romanian leu (ROL) divided by 10,000 is used",,4,,4F0,,Romanian leu/Euro ECB reference exchange rate,"ECB reference exchange rate, Romanian leu/Euro, 2.15 pm (C.E.T.)",RON,0
EXR.M.RON.EUR.SP00.A,M,RON,EUR,SP00,A,2003-04,3.65692,A,F,,,P1M,,A,,,,,,,99Q1=100,"Before 1st July 2005 old Romanian leu (ROL) divided by 10,000 is used",,4,,4F0,,Romanian leu/Euro ECB reference exchange rate,"ECB reference exchange rate, Romanian leu/Euro, 2.15 pm (C.E.T.)",RON,0
EXR.M.RON.EUR.SP00.A,M,RON,EUR,SP00,A,2003-05,3.7632285714286,A,F,,,P1M,,A,,,,,,,99Q1=100,"Before 1st July 2005 old Romanian leu (ROL) divided by 10,000 is used",,4,,4F0,,Romanian leu/Euro ECB reference exchange rate,"ECB reference exchange rate, Romanian leu/Euro, 2.15 pm (C.E.T.)",RON,0
EXR.M.RON.EUR.SP00.A,M,RON,EUR,SP00,A,2003-06,3.8058904761905,A,F,,,P1M,,A,,,,,,,99Q1=100,"Before 1st July 2005 old Romanian leu (ROL) divided by 10,000 is used",,4,,4F0,,Romanian leu/Euro ECB reference exchange rate,"ECB reference exchange rate, Romanian leu/Euro, 2.15 pm (C.E.T.)",RON,0
EXR.M.RON.EUR.SP00.A,M,RON,EUR,SP00,A,2003-07,3.714847826087,A,F,,,P1M,,A,,,,,,,99Q1=100,"Before 1st July 2005 old Romanian leu (ROL) divided by 10,000 is used",,4,,4F0,,Romanian leu/Euro ECB reference exchange rate,"ECB reference exchange rate, Romanian leu/Euro, 2.15 pm (C.E.T.)",RON,0
EXR.M.RON.EUR.SP00.A,M,RON,EUR,SP00,A,2003-08,3.7165619047619,A,F,,,P1M,,A,,,,,,,99Q1=100,"Before 1st July 2005 old Romanian leu (ROL) divided by 10,000 is used",,4,,4F0,,Romanian leu/Euro ECB reference exchange rate,"ECB reference exchange rate, Romanian leu/Euro, 2.15 pm (C.E.T.)",RON,0
EXR.M.RON.EUR.SP00.A,M,RON,EUR,SP00,A,2003-09,3.7918,A,F,,,P1M,,A,,,,,,,99Q1=100,"Before 1st July 2005 old Romanian leu (ROL) divided by 10,000 is used",,4,,4F0,,Romanian leu/Euro ECB reference exchange rate,"ECB reference exchange rate, Romanian leu/Euro, 2.15 pm (C.E.T.)",RON,0
EXR.M.RON.EUR.SP00.A,M,RON,EUR,SP00,A,2003-10,3.8802826086957,A,F,,,P1M,,A,,,,,,,99Q1=100,"Before 1st July 2005 old Romanian leu (ROL) divided by 10,000 is used",,4,,4F0,,Romanian leu/Euro ECB reference exchange rate,"ECB reference exchange rate, Romanian leu/Euro, 2.15 pm (C.E.T.)",RON,0
EXR.M.RON.EUR.SP00.A,M,RON,EUR,SP00,A,2003-11,3.99266,A,F,,,P1M,,A,,,,,,,99Q1=100,"Before 1st July 2005 old Romanian leu (ROL) divided by 10,000 is used",,4,,4F0,,Romanian leu/Euro ECB reference exchange rate,"ECB reference exchange rate, Romanian leu/Euro, 2.15 pm (C.E.T.)",RON,0
EXR.M.RON.EUR.SP00.A,M,RON,EUR,SP00,A,2003-12,4.0572619047619,A,F,,,P1M,,A,,,,,,,99Q1=100,"Before 1st July 2005 old Romanian leu (ROL) divided by 10,000 is used",,4,,4F0,,Romanian leu/Euro ECB reference exchange rate,"ECB reference exchange rate, Romanian leu/Euro, 2.15 pm (C.E.T.)",RON,0
EXR.M.RON.EUR.SP00.A,M,RON,EUR,SP00,A,2004-01,4.1106904761905,A,F,,,P1M,,A,,,,,,,99Q1=100,"Before 1st July 2005 old Romanian leu (ROL) divided by 10,000 is used",,4,,4F0,,Romanian leu/Euro ECB reference exchange rate,"ECB reference exchange rate, Romanian leu/Euro, 2.15 pm (C.E.T.)",RON,0
EXR.M.RON.EUR.SP00.A,M,RON,EUR,SP00,A,2004-02,4.05625,A,F,,,P1M,,A,,,,,,,99Q1=100,"Before 1st July 2005 old Romanian leu (ROL) divided by 10,000 is used",,4,,4F0,,Romanian leu/Euro ECB reference exchange rate,"ECB reference exchange rate, Romanian leu/Euro, 2.15 pm (C.E.T.)",RON,0
EXR.M.RON.EUR.SP00.A,M,RON,EUR,SP00,A,2004-03,4.0029434782609,A,F,,,P1M,,A,,,,,,,99Q1=100,"Before 1st July 2005 old Romanian leu (ROL) divided by 10,000 is used",,4,,4F0,,Romanian leu/Euro ECB reference exchange rate,"ECB reference exchange rate, Romanian leu/Euro, 2.15 pm (C.E.T.)",RON,0
EXR.M.RON.EUR.SP00.A,M,RON,EUR,SP00,A,2004-04,4.06826,A,F,,,P1M,,A,,,,,,,99Q1=100,"Before 1st July 2005 old Romanian leu (ROL) divided by 10,000 is used",,4,,4F0,,Romanian leu/Euro ECB reference exchange rate,"ECB reference exchange rate, Romanian leu/Euro, 2.15 pm (C.E.T.)",RON,0
EXR.M.RON.EUR.SP00.A,M,RON,EUR,SP00,A,2004-05,4.0554095238095,A,F,,,P1M,,A,,,,,,,99Q1=100,"Before 1st July 2005 old Romanian leu (ROL) divided by 10,000 is used",,4,,4F0,,Romanian leu/Euro ECB reference exchange rate,"ECB reference exchange rate, Romanian leu/Euro, 2.15 pm (C.E.T.)",RON,0
EXR.M.RON.EUR.SP00.A,M,RON,EUR,SP00,A,2004-06,4.0752727272727,A,F,,,P1M,,A,,,,,,,99Q1=100,"Before 1st July 2005 old Romanian leu (ROL) divided by 10,000 is used",,4,,4F0,,Romanian leu/Euro ECB reference exchange rate,"ECB reference exchange rate, Romanian leu/Euro, 2.15 pm (C.E.T.)",RON,0
EXR.M.RON.EUR.SP00.A,M,RON,EUR,SP00,A,2004-07,4.0961545454545,A,F,,,P1M,,A,,,,,,,99Q1=100,"Before 1st July 2005 old Romanian leu (ROL) divided by 10,000 is used",,4,,4F0,,Romanian leu/Euro ECB reference exchange rate,"ECB reference exchange rate, Romanian leu/Euro, 2.15 pm (C.E.T.)",RON,0
EXR.M.RON.EUR.SP00.A,M,RON,EUR,SP00,A,2004-08,4.0945681818182,A,F,,,P1M,,A,,,,,,,99Q1=100,"Before 1st July 2005 old Romanian leu (ROL) divided by 10,000 is used",,4,,4F0,,Romanian leu/Euro ECB reference exchange rate,"ECB reference exchange rate, Romanian leu/Euro, 2.15 pm (C.E.T.)",RON,0
EXR.M.RON.EUR.SP00.A,M,RON,EUR,SP00,A,2004-09,4.10745,A,F,,,P1M,,A,,,,,,,99Q1=100,"Before 1st July 2005 old Romanian leu (ROL) divided by 10,000 is used",,4,,4F0,,Romanian leu/Euro ECB reference exchange rate,"ECB reference exchange rate, Romanian leu/Euro, 2.15 pm (C.E.T.)",RON,0
EXR.M.RON.EUR.SP00.A,M,RON,EUR,SP00,A,2004-10,4.1081952380952,A,F,,,P1M,,A,,,,,,,99Q1=100,"Before 1st July 2005 old Romanian leu (ROL) divided by 10,000 is used",,4,,4F0,,Romanian leu/Euro ECB reference exchange rate,"ECB reference exchange rate, Romanian leu/Euro, 2.15 pm (C.E.T.)",RON,0
EXR.M.RON.EUR.SP00.A,M,RON,EUR,SP00,A,2004-11,3.9848227272727,A,F,,,P1M,,A,,,,,,,99Q1=100,"Before 1st July 2005 old Romanian leu (ROL) divided by 10,000 is used",,4,,4F0,,Romanian leu/Euro ECB reference exchange rate,"ECB reference exchange rate, Romanian leu/Euro, 2.15 pm (C.E.T.)",RON,0
EXR.M.RON.EUR.SP00.A,M,RON,EUR,SP00,A,2004-12,3.8695782608696,A,F,,,P1M,,A,,,,,,,99Q1=100,"Before 1st July 2005 old Romanian leu (ROL) divided by 10,000 is used",,4,,4F0,,Romanian leu/Euro ECB reference exchange rate,"ECB reference exchange rate, Romanian leu/Euro, 2.15 pm (C.E.T.)",RON,0
EXR.M.RON.EUR.SP00.A,M,RON,EUR,SP00,A,2005-01,3.8167523809524,A,F,,,P1M,,A,,,,,,,99Q1=100,"Before 1st July 2005 old Romanian leu (ROL) divided by 10,000 is used",,4,,4F0,,Romanian leu/Euro ECB reference exchange rate,"ECB reference exchange rate, Romanian leu/Euro, 2.15 pm (C.E.T.)",RON,0
EXR.M.RON.EUR.SP00.A,M,RON,EUR,SP00,A,2005-02,3.67327,A,F,,,P1M,,A,,,,,,,99Q1=100,"Before 1st July 2005 old Romanian leu (ROL) divided by 10,000 is used",,4,,4F0,,Romanian leu/Euro ECB reference exchange rate,"ECB reference exchange rate, Romanian leu/Euro, 2.15 pm (C.E.T.)",RON,0
EXR.M.RON.EUR.SP00.A,M,RON,EUR,SP00,A,2005-03,3.6291952380952,A,F,,,P1M,,A,,,,,,,99Q1=100,"Before 1st July 2005 old Romanian leu (ROL) divided by 10,000 is used",,4,,4F0,,Romanian leu/Euro ECB reference exchange rate,"ECB reference exchange rate, Romanian leu/Euro, 2.15 pm (C.E.T.)",RON,0
EXR.M.RON.EUR.SP00.A,M,RON,EUR,SP00,A,2005-04,3.6277476190476,A,F,,,P1M,,A,,,,,,,99Q1=100,"Before 1st July 2005 old Romanian leu (ROL) divided by 10,000 is used",,4,,4F0,,Romanian leu/Euro ECB reference exchange rate,"ECB reference exchange rate, Romanian leu/Euro, 2.15 pm (C.E.T.)",RON,0
EXR.M.RON.EUR.SP00.A,M,RON,EUR,SP00,A,2005-05,3.6174590909091,A,F,,,P1M,,A,,,,,,,99Q1=100,"Before 1st July 2005 old Romanian leu (ROL) divided by 10,000 is used",,4,,4F0,,Romanian leu/Euro ECB reference exchange rate,"ECB reference exchange rate, Romanian leu/Euro, 2.15 pm (C.E.T.)",RON,0
EXR.M.RON.EUR.SP00.A,M,RON,EUR,SP00,A,2005-06,3.6136272727273,A,F,,,P1M,,A,,,,,,,99Q1=100,"Before 1st July 2005 old Romanian leu (ROL) divided by 10,000 is used",,4,,4F0,,Romanian leu/Euro ECB reference exchange rate,"ECB reference exchange rate, Romanian leu/Euro, 2.15 pm (C.E.T.)",RON,0
EXR.M.RON.EUR.SP00.A,M,RON,EUR,SP00,A,2005-07,3.564680952381,A,F,,,P1M,,A,,,,,,,99Q1=100,"Before 1st July 2005 old Romanian leu (ROL) divided by 10,000 is used",,4,,4F0,,Romanian leu/Euro ECB reference exchange rate,"ECB reference exchange rate, Romanian leu/Euro, 2.15 pm (C.E.T.)",RON,0
EXR.M.RON.EUR.SP00.A,M,RON,EUR,SP00,A,2005-08,3.5033869565217,A,F,,,P1M,,A,,,,,,,99Q1=100,"Before 1st July 2005 old Romanian leu (ROL) divided by 10,000 is used",,4,,4F0,,Romanian leu/Euro ECB reference exchange rate,"ECB reference exchange rate, Romanian leu/Euro, 2.15 pm (C.E.T.)",RON,0
EXR.M.RON.EUR.SP00.A,M,RON,EUR,SP00,A,2005-09,3.5097227272727,A,F,,,P1M,,A,,,,,,,99Q1=100,"Before 1st July 2005 old Romanian leu (ROL) divided by 10,000 is used",,4,,4F0,,Romanian leu/Euro ECB reference exchange rate,"ECB reference exchange rate, Romanian leu/Euro, 2.15 pm (C.E.T.)",RON,0
EXR.M.RON.EUR.SP00.A,M,RON,EUR,SP00,A,2005-10,3.5996952380952,A,F,,,P1M,,A,,,,,,,99Q1=100,"Before 1st July 2005 old Romanian leu (ROL) divided by 10,000 is used",,4,,4F0,,Romanian leu/Euro ECB reference exchange rate,"ECB reference exchange rate, Romanian leu/Euro, 2.15 pm (C.E.T.)",RON,0
EXR.M.RON.EUR.SP00.A,M,RON,EUR,SP00,A,2005-11,3.6542636363636,A,F,,,P1M,,A,,,,,,,99Q1=100,"Before 1st July 2005 old Romanian leu (ROL) divided by 10,000 is used",,4,,4F0,,Romanian leu/Euro ECB reference exchange rate,"ECB reference exchange rate, Romanian leu/Euro, 2.15 pm (C.E.T.)",RON,0
EXR.M.RON.EUR.SP00.A,M,RON,EUR,SP00,A,2005-12,3.6588666666667,A,F,,,P1M,,A,,,,,,,99Q1=100,"Before 1st July 2005 old Romanian leu (ROL) divided by 10,000 is used",,4,,4F0,,Romanian leu/Euro ECB reference exchange rate,"ECB reference exchange rate, Romanian leu/Euro, 2.15 pm (C.E.T.)",RON,0
EXR.M.RON.EUR.SP00.A,M,RON,EUR,SP00,A,2006-01,3.6449045454545,A,F,,,P1M,,A,,,,,,,99Q1=100,"Before 1st July 2005 old Romanian leu (ROL) divided by 10,000 is used",,4,,4F0,,Romanian leu/Euro ECB reference exchange rate,"ECB reference exchange rate, Romanian leu/Euro, 2.15 pm (C.E.T.)",RON,0
EXR.M.RON.EUR.SP00.A,M,RON,EUR,SP00,A,2006-02,3.53927,A,F,,,P1M,,A,,,,,,,99Q1=100,"Before 1st July 2005 old Romanian leu (ROL) divided by 10,000 is used",,4,,4F0,,Romanian leu/Euro ECB reference exchange rate,"ECB reference exchange rate, Romanian leu/Euro, 2.15 pm (C.E.T.)",RON,0
EXR.M.RON.EUR.SP00.A,M,RON,EUR,SP00,A,2006-03,3.5074304347826,A,F,,,P1M,,A,,,,,,,99Q1=100,"Before 1st July 2005 old Romanian leu (ROL) divided by 10,000 is used",,4,,4F0,,Romanian leu/Euro ECB reference exchange rate,"ECB reference exchange rate, Romanian leu/Euro, 2.15 pm (C.E.T.)",RON,0
EXR.M.RON.EUR.SP00.A,M,RON,EUR,SP00,A,2006-04,3.4891722222222,A,F,,,P1M,,A,,,,,,,99Q1=100,"Before 1st July 2005 old Romanian leu (ROL) divided by 10,000 is used",,4,,4F0,,Romanian leu/Euro ECB reference exchange rate,"ECB reference exchange rate, Romanian leu/Euro, 2.15 pm (C.E.T.)",RON,0
EXR.M.RON.EUR.SP00.A,M,RON,EUR,SP00,A,2006-05,3.5071590909091,A,F,,,P1M,,A,,,,,,,99Q1=100,"Before 1st July 2005 old Romanian leu (ROL) divided by 10,000 is used",,4,,4F0,,Romanian leu/Euro ECB reference exchange rate,"ECB reference exchange rate, Romanian leu/Euro, 2.15 pm (C.E.T.)",RON,0
EXR.M.RON.EUR.SP00.A,M,RON,EUR,SP00,A,2006-06,3.5501181818182,A,F,,,P1M,,A,,,,,,,99Q1=100,"Before 1st July 2005 old Romanian leu (ROL) divided by 10,000 is used",,4,,4F0,,Romanian leu/Euro ECB reference exchange rate,"ECB reference exchange rate, Romanian leu/Euro, 2.15 pm (C.E.T.)",RON,0
EXR.M.RON.EUR.SP00.A,M,RON,EUR,SP00,A,2006-07,3.5714857142857,A,F,,,P1M,,A,,,,,,,99Q1=100,"Before 1st July 2005 old Romanian leu (ROL) divided by 10,000 is used",,4,,4F0,,Romanian leu/Euro ECB reference exchange rate,"ECB reference exchange rate, Romanian leu/Euro, 2.15 pm (C.E.T.)",RON,0
EXR.M.RON.EUR.SP00.A,M,RON,EUR,SP00,A,2006-08,3.5270652173913,A,F,,,P1M,,A,,,,,,,99Q1=100,"Before 1st July 2005 old Romanian leu (ROL) divided by 10,000 is used",,4,,4F0,,Romanian leu/Euro ECB reference exchange rate,"ECB reference exchange rate, Romanian leu/Euro, 2.15 pm (C.E.T.)",RON,0
EXR.M.RON.EUR.SP00.A,M,RON,EUR,SP00,A,2006-09,3.5274142857143,A,F,,,P1M,,A,,,,,,,99Q1=100,"Before 1st July 2005 old Romanian leu (ROL) divided by 10,000 is used",,4,,4F0,,Romanian leu/Euro ECB reference exchange rate,"ECB reference exchange rate, Romanian leu/Euro, 2.15 pm (C.E.T.)",RON,0
EXR.M.RON.EUR.SP00.A,M,RON,EUR,SP00,A,2006-10,3.5190818181818,A,F,,,P1M,,A,,,,,,,99Q1=100,"Before 1st July 2005 old Romanian leu (ROL) divided by 10,000 is used",,4,,4F0,,Romanian leu/Euro ECB reference exchange rate,"ECB reference exchange rate, Romanian leu/Euro, 2.15 pm (C.E.T.)",RON,0
EXR.M.RON.EUR.SP00.A,M,RON,EUR,SP00,A,2006-11,3.4954636363636,A,F,,,P1M,,A,,,,,,,99Q1=100,"Before 1st July 2005 old Romanian leu (ROL) divided by 10,000 is used",,4,,4F0,,Romanian leu/Euro ECB reference exchange rate,"ECB reference exchange rate, Romanian leu/Euro, 2.15 pm (C.E.T.)",RON,0
EXR.M.RON.EUR.SP00.A,M,RON,EUR,SP00,A,2006-12,3.4137,A,F,,,P1M,,A,,,,,,,99Q1=100,"Before 1st July 2005 old Romanian leu (ROL) divided by 10,000 is used",,4,,4F0,,Romanian leu/Euro ECB reference exchange rate,"ECB reference exchange rate, Romanian leu/Euro, 2.15 pm (C.E.T.)",RON,0
EXR.M.RON.EUR.SP00.A,M,RON,EUR,SP00,A,2007-01,3.3921772727273,A,F,,,P1M,,A,,,,,,,99Q1=100,"Before 1st July 2005 old Romanian leu (ROL) divided by 10,000 is used",,4,,4F0,,Romanian leu/Euro ECB reference exchange rate,"ECB reference exchange rate, Romanian leu/Euro, 2.15 pm (C.E.T.)",RON,0
EXR.M.RON.EUR.SP00.A,M,RON,EUR,SP00,A,2007-02,3.382345,A,F,,,P1M,,A,,,,,,,99Q1=100,"Before 1st July 2005 old Romanian leu (ROL) divided by 10,000 is used",,4,,4F0,,Romanian leu/Euro ECB reference exchange rate,"ECB reference exchange rate, Romanian leu/Euro, 2.15 pm (C.E.T.)",RON,0
EXR.M.RON.EUR.SP00.A,M,RON,EUR,SP00,A,2007-03,3.3691681818182,A,F,,,P1M,,A,,,,,,,99Q1=100,"Before 1st July 2005 old Romanian leu (ROL) divided by 10,000 is used",,4,,4F0,,Romanian leu/Euro ECB reference exchange rate,"ECB reference exchange rate, Romanian leu/Euro, 2.15 pm (C.E.T.)",RON,0
EXR.M.RON.EUR.SP00.A,M,RON,EUR,SP00,A,2007-04,3.3337789473684,A,F,,,P1M,,A,,,,,,,99Q1=100,"Before 1st July 2005 old Romanian leu (ROL) divided by 10,000 is used",,4,,4F0,,Romanian leu/Euro ECB reference exchange rate,"ECB reference exchange rate, Romanian leu/Euro, 2.15 pm (C.E.T.)",RON,0
EXR.M.RON.EUR.SP00.A,M,RON,EUR,SP00,A,2007-05,3.2836181818182,A,F,,,P1M,,A,,,,,,,99Q1=100,"Before 1st July 2005 old Romanian leu (ROL) divided by 10,000 is used",,4,,4F0,,Romanian leu/Euro ECB reference exchange rate,"ECB reference exchange rate, Romanian leu/Euro, 2.15 pm (C.E.T.)",RON,0
EXR.M.RON.EUR.SP00.A,M,RON,EUR,SP00,A,2007-06,3.2242619047619,A,F,,,P1M,,A,,,,,,,99Q1=100,"Before 1st July 2005 old Romanian leu (ROL) divided by 10,000 is used",,4,,4F0,,Romanian leu/Euro ECB reference exchange rate,"ECB reference exchange rate, Romanian leu/Euro, 2.15 pm (C.E.T.)",RON,0
EXR.M.RON.EUR.SP00.A,M,RON,EUR,SP00,A,2007-07,3.1345136363636,A,F,,,P1M,,A,,,,,,,99Q1=100,"Before 1st July 2005 old Romanian leu (ROL) divided by 10,000 is used",,4,,4F0,,Romanian leu/Euro ECB reference exchange rate,"ECB reference exchange rate, Romanian leu/Euro, 2.15 pm (C.E.T.)",RON,0
EXR.M.RON.EUR.SP00.A,M,RON,EUR,SP00,A,2007-08,3.224552173913,A,F,,,P1M,,A,,,,,,,99Q1=100,"Before 1st July 2005 old Romanian leu (ROL) divided by 10,000 is used",,4,,4F0,,Romanian leu/Euro ECB reference exchange rate,"ECB reference exchange rate, Romanian leu/Euro, 2.15 pm (C.E.T.)",RON,0
EXR.M.RON.EUR.SP00.A,M,RON,EUR,SP00,A,2007-09,3.34814,A,F,,,P1M,,A,,,,,,,99Q1=100,"Before 1st July 2005 old Romanian leu (ROL) divided by 10,000 is used",,4,,4F0,,Romanian leu/Euro ECB reference exchange rate,"ECB reference exchange rate, Romanian leu/Euro, 2.15 pm (C.E.T.)",RON,0
EXR.M.RON.EUR.SP00.A,M,RON,EUR,SP00,A,2007-10,3.3536956521739,A,F,,,P1M,,A,,,,,,,99Q1=100,"Before 1st July 2005 old Romanian leu (ROL) divided by 10,000 is used",,4,,4F0,,Romanian leu/Euro ECB reference exchange rate,"ECB reference exchange rate, Romanian leu/Euro, 2.15 pm (C.E.T.)",RON,0
EXR.M.RON.EUR.SP00.A,M,RON,EUR,SP00,A,2007-11,3.4738909090909,A,F,,,P1M,,A,,,,,,,99Q1=100,"Before 1st July 2005 old Romanian leu (ROL) divided by 10,000 is used",,4,,4F0,,Romanian leu/Euro ECB reference exchange rate,"ECB reference exchange rate, Romanian leu/Euro, 2.15 pm (C.E.T.)",RON,0
EXR.M.RON.EUR.SP00.A,M,RON,EUR,SP00,A,2007-12,3.5350736842105,A,F,,,P1M,,A,,,,,,,99Q1=100,"Before 1st July 2005 old Romanian leu (ROL) divided by 10,000 is used",,4,,4F0,,Romanian leu/Euro ECB reference exchange rate,"ECB reference exchange rate, Romanian leu/Euro, 2.15 pm (C.E.T.)",RON,0
EXR.M.RON.EUR.SP00.A,M,RON,EUR,SP00,A,2008-01,3.6936772727273,A,F,,,P1M,,A,,,,,,,99Q1=100,"Before 1st July 2005 old Romanian leu (ROL) divided by 10,000 is used",,4,,4F0,,Romanian leu/Euro ECB reference exchange rate,"ECB reference exchange rate, Romanian leu/Euro, 2.15 pm (C.E.T.)",RON,0
EXR.M.RON.EUR.SP00.A,M,RON,EUR,SP00,A,2008-02,3.6557238095238,A,F,,,P1M,,A,,,,,,,99Q1=100,"Before 1st July 2005 old Romanian leu (ROL) divided by 10,000 is used",,4,,4F0,,Romanian leu/Euro ECB reference exchange rate,"ECB reference exchange rate, Romanian leu/Euro, 2.15 pm (C.E.T.)",RON,0
EXR.M.RON.EUR.SP00.A,M,RON,EUR,SP00,A,2008-03,3.7194368421053,A,F,,,P1M,,A,,,,,,,99Q1=100,"Before 1st July 2005 old Romanian leu (ROL) divided by 10,000 is used",,4,,4F0,,Romanian leu/Euro ECB reference exchange rate,"ECB reference exchange rate, Romanian leu/Euro, 2.15 pm (C.E.T.)",RON,0
EXR.M.RON.EUR.SP00.A,M,RON,EUR,SP00,A,2008-04,3.6428090909091,A,F,,,P1M,,A,,,,,,,99Q1=100,"Before 1st July 2005 old Romanian leu (ROL) divided by 10,000 is used",,4,,4F0,,Romanian leu/Euro ECB reference exchange rate,"ECB reference exchange rate, Romanian leu/Euro, 2.15 pm (C.E.T.)",RON,0
EXR.M.RON.EUR.SP00.A,M,RON,EUR,SP00,A,2008-05,3.6583,A,F,,,P1M,,A,,,,,,,99Q1=100,"Before 1st July 2005 old Romanian leu (ROL) divided by 10,000 is used",,4,,4F0,,Romanian leu/Euro ECB reference exchange rate,"ECB reference exchange rate, Romanian leu/Euro, 2.15 pm (C.E.T.)",RON,0
EXR.M.RON.EUR.SP00.A,M,RON,EUR,SP00,A,2008-06,3.6555619047619,A,F,,,P1M,,A,,,,,,,99Q1=100,"Before 1st July 2005 old Romanian leu (ROL) divided by 10,000 is used",,4,,4F0,,Romanian leu/Euro ECB reference exchange rate,"ECB reference exchange rate, Romanian leu/Euro, 2.15 pm (C.E.T.)",RON,0
EXR.M.RON.EUR.SP00.A,M,RON,EUR,SP00,A,2008-07,3.5763695652174,A,F,,,P1M,,A,,,,,,,99Q1=100,"Before 1st July 2005 old Romanian leu (ROL) divided by 10,000 is used",,4,,4F0,,Romanian leu/Euro ECB reference exchange rate,"ECB reference exchange rate, Romanian leu/Euro, 2.15 pm (C.E.T.)",RON,0
EXR.M.RON.EUR.SP00.A,M,RON,EUR,SP00,A,2008-08,3.5270714285714,A,F,,,P1M,,A,,,,,,,99Q1=100,"Before 1st July 2005 old Romanian leu (ROL) divided by 10,000 is used",,4,,4F0,,Romanian leu/Euro ECB reference exchange rate,"ECB reference exchange rate, Romanian leu/Euro, 2.15 pm (C.E.T.)",RON,0
EXR.M.RON.EUR.SP00.A,M,RON,EUR,SP00,A,2008-09,3.6247909090909,A,F,,,P1M,,A,,,,,,,99Q1=100,"Before 1st July 2005 old Romanian leu (ROL) divided by 10,000 is used",,4,,4F0,,Romanian leu/Euro ECB reference exchange rate,"ECB reference exchange rate, Romanian leu/Euro, 2.15 pm (C.E.T.)",RON,0
EXR.M.RON.EUR.SP00.A,M,RON,EUR,SP00,A,2008-10,3.7478956521739,A,F,,,P1M,,A,,,,,,,99Q1=100,"Before 1st July 2005 old Romanian leu (ROL) divided by 10,000 is used",,4,,4F0,,Romanian leu/Euro ECB reference exchange rate,"ECB reference exchange rate, Romanian leu/Euro, 2.15 pm (C.E.T.)",RON,0
EXR.M.RON.EUR.SP00.A,M,RON,EUR,SP00,A,2008-11,3.783755,A,F,,,P1M,,A,,,,,,,99Q1=100,"Before 1st July 2005 old Romanian leu (ROL) divided by 10,000 is used",,4,,4F0,,Romanian leu/Euro ECB reference exchange rate,"ECB reference exchange rate, Romanian leu/Euro, 2.15 pm (C.E.T.)",RON,0
EXR.M.RON.EUR.SP00.A,M,RON,EUR,SP00,A,2008-12,3.9226904761905,A,F,,,P1M,,A,,,,,,,99Q1=100,"Before 1st July 2005 old Romanian leu (ROL) divided by 10,000 is used",,4,,4F0,,Romanian leu/Euro ECB reference exchange rate,"ECB reference exchange rate, Romanian leu/Euro, 2.15 pm (C.E.T.)",RON,0
EXR.M.RON.EUR.SP00.A,M,RON,EUR,SP00,A,2009-01,4.2353666666667,A,F,,,P1M,,A,,,,,,,99Q1=100,"Before 1st July 2005 old Romanian leu (ROL) divided by 10,000 is used",,4,,4F0,,Romanian leu/Euro ECB reference exchange rate,"ECB reference exchange rate, Romanian leu/Euro, 2.15 pm (C.E.T.)",RON,0
EXR.M.RON.EUR.SP00.A,M,RON,EUR,SP00,A,2009-02,4.286445,A,F,,,P1M,,A,,,,,,,99Q1=100,"Before 1st July 2005 old Romanian leu (ROL) divided by 10,000 is used",,4,,4F0,,Romanian leu/Euro ECB reference exchange rate,"ECB reference exchange rate, Romanian leu/Euro, 2.15 pm (C.E.T.)",RON,0
EXR.M.RON.EUR.SP00.A,M,RON,EUR,SP00,A,2009-03,4.2828454545455,A,F,,,P1M,,A,,,,,,,99Q1=100,"Before 1st July 2005 old Romanian leu (ROL) divided by 10,000 is used",,4,,4F0,,Romanian leu/Euro ECB reference exchange rate,"ECB reference exchange rate, Romanian leu/Euro, 2.15 pm (C.E.T.)",RON,0
EXR.M.RON.EUR.SP00.A,M,RON,EUR,SP00,A,2009-04,4.2041,A,F,,,P1M,,A,,,,,,,99Q1=100,"Before 1st July 2005 old Romanian leu (ROL) divided by 10,000 is used",,4,,4F0,,Romanian leu/Euro ECB reference exchange rate,"ECB reference exchange rate, Romanian leu/Euro, 2.15 pm (C.E.T.)",RON,0
EXR.M.RON.EUR.SP00.A,M,RON,EUR,SP00,A,2009-05,4.170025,A,F,,,P1M,,A,,,,,,,99Q1=100,"Before 1st July 2005 old Romanian leu (ROL) divided by 10,000 is used",,4,,4F0,,Romanian leu/Euro ECB reference exchange rate,"ECB reference exchange rate, Romanian leu/Euro, 2.15 pm (C.E.T.)",RON,0
EXR.M.RON.EUR.SP00.A,M,RON,EUR,SP00,A,2009-06,4.2131363636364,A,F,,,P1M,,A,,,,,,,99Q1=100,"Before 1st July 2005 old Romanian leu (ROL) divided by 10,000 is used",,4,,4F0,,Romanian leu/Euro ECB reference exchange rate,"ECB reference exchange rate, Romanian leu/Euro, 2.15 pm (C.E.T.)",RON,0
EXR.M.RON.EUR.SP00.A,M,RON,EUR,SP00,A,2009-07,4.218447826087,A,F,,,P1M,,A,,,,,,,99Q1=100,"Before 1st July 2005 old Romanian leu (ROL) divided by 10,000 is used",,4,,4F0,,Romanian leu/Euro ECB reference exchange rate,"ECB reference exchange rate, Romanian leu/Euro, 2.15 pm (C.E.T.)",RON,0
EXR.M.RON.EUR.SP00.A,M,RON,EUR,SP00,A,2009-08,4.218280952381,A,F,,,P1M,,A,,,,,,,99Q1=100,"Before 1st July 2005 old Romanian leu (ROL) divided by 10,000 is used",,4,,4F0,,Romanian leu/Euro ECB reference exchange rate,"ECB reference exchange rate, Romanian leu/Euro, 2.15 pm (C.E.T.)",RON,0
EXR.M.RON.EUR.SP00.A,M,RON,EUR,SP00,A,2009-09,4.2420227272727,A,F,,,P1M,,A,,,,,,,99Q1=100,"Before 1st July 2005 old Romanian leu (ROL) divided by 10,000 is used",,4,,4F0,,Romanian leu/Euro ECB reference exchange rate,"ECB reference exchange rate, Romanian leu/Euro, 2.15 pm (C.E.T.)",RON,0
EXR.M.RON.EUR.SP00.A,M,RON,EUR,SP00,A,2009-10,4.2871090909091,A,F,,,P1M,,A,,,,,,,99Q1=100,"Before 1st July 2005 old Romanian leu (ROL) divided by 10,000 is used",,4,,4F0,,Romanian leu/Euro ECB reference exchange rate,"ECB reference exchange rate, Romanian leu/Euro, 2.15 pm (C.E.T.)",RON,0
EXR.M.RON.EUR.SP00.A,M,RON,EUR,SP00,A,2009-11,4.2896095238095,A,F,,,P1M,,A,,,,,,,99Q1=100,"Before 1st July 2005 old Romanian leu (ROL) divided by 10,000 is used",,4,,4F0,,Romanian leu/Euro ECB reference exchange rate,"ECB reference exchange rate, Romanian leu/Euro, 2.15 pm (C.E.T.)",RON,0
EXR.M.RON.EUR.SP00.A,M,RON,EUR,SP00,A,2009-12,4.2283818181818,A,F,,,P1M,,A,,,,,,,99Q1=100,"Before 1st July 2005 old Romanian leu (ROL) divided by 10,000 is used",,4,,4F0,,Romanian leu/Euro ECB reference exchange rate,"ECB reference exchange rate, Romanian leu/Euro, 2.15 pm (C.E.T.)",RON,0
EXR.M.RON.EUR.SP00.A,M,RON,EUR,SP00,A,2010-01,4.138315,A,F,,,P1M,,A,,,,,,,99Q1=100,"Before 1st July 2005 old Romanian leu (ROL) divided by 10,000 is used",,4,,4F0,,Romanian leu/Euro ECB reference exchange rate,"ECB reference exchange rate, Romanian leu/Euro, 2.15 pm (C.E.T.)",RON,0
EXR.M.RON.EUR.SP00.A,M,RON,EUR,SP00,A,2010-02,4.1196,A,F,,,P1M,,A,,,,,,,99Q1=100,"Before 1st July 2005 old Romanian leu (ROL) divided by 10,000 is used",,4,,4F0,,Romanian leu/Euro ECB reference exchange rate,"ECB reference exchange rate, Romanian leu/Euro, 2.15 pm (C.E.T.)",RON,0
EXR.M.RON.EUR.SP00.A,M,RON,EUR,SP00,A,2010-03,4.0866,A,F,,,P1M,,A,,,,,,,99Q1=100,"Before 1st July 2005 old Romanian leu (ROL) divided by 10,000 is used",,4,,4F0,,Romanian leu/Euro ECB reference exchange rate,"ECB reference exchange rate, Romanian leu/Euro, 2.15 pm (C.E.T.)",RON,0
EXR.M.RON.EUR.SP00.A,M,RON,EUR,SP00,A,2010-04,4.13064,A,F,,,P1M,,A,,,,,,,99Q1=100,"Before 1st July 2005 old Romanian leu (ROL) divided by 10,000 is used",,4,,4F0,,Romanian leu/Euro ECB reference exchange rate,"ECB reference exchange rate, Romanian leu/Euro, 2.15 pm (C.E.T.)",RON,0
EXR.M.RON.EUR.SP00.A,M,RON,EUR,SP00,A,2010-05,4.1767476190476,A,F,,,P1M,,A,,,,,,,99Q1=100,"Before 1st July 2005 old Romanian leu (ROL) divided by 10,000 is used",,4,,4F0,,Romanian leu/Euro ECB reference exchange rate,"ECB reference exchange rate, Romanian leu/Euro, 2.15 pm (C.E.T.)",RON,0
EXR.M.RON.EUR.SP00.A,M,RON,EUR,SP00,A,2010-06,4.2433818181818,A,F,,,P1M,,A,,,,,,,99Q1=100,"Before 1st July 2005 old Romanian leu (ROL) divided by 10,000 is used",,4,,4F0,,Romanian leu/Euro ECB reference exchange rate,"ECB reference exchange rate, Romanian leu/Euro, 2.15 pm (C.E.T.)",RON,0
EXR.M.RON.EUR.SP00.A,M,RON,EUR,SP00,A,2010-07,4.2608136363636,A,F,,,P1M,,A,,,,,,,99Q1=100,"Before 1st July 2005 old Romanian leu (ROL) divided by 10,000 is used",,4,,4F0,,Romanian leu/Euro ECB reference exchange rate,"ECB reference exchange rate, Romanian leu/Euro, 2.15 pm (C.E.T.)",RON,0
EXR.M.RON.EUR.SP00.A,M,RON,EUR,SP00,A,2010-08,4.2395818181818,A,F,,,P1M,,A,,,,,,,99Q1=100,"Before 1st July 2005 old Romanian leu (ROL) divided by 10,000 is used",,4,,4F0,,Romanian leu/Euro ECB reference exchange rate,"ECB reference exchange rate, Romanian leu/Euro, 2.15 pm (C.E.T.)",RON,0
EXR.M.RON.EUR.SP00.A,M,RON,EUR,SP00,A,2010-09,4.2654909090909,A,F,,,P1M,,A,,,,,,,99Q1=100,"Before 1st July 2005 old Romanian leu (ROL) divided by 10,000 is used",,4,,4F0,,Romanian leu/Euro ECB reference exchange rate,"ECB reference exchange rate, Romanian leu/Euro, 2.15 pm (C.E.T.)",RON,0
EXR.M.RON.EUR.SP00.A,M,RON,EUR,SP00,A,2010-10,4.2787333333333,A,F,,,P1M,,A,,,,,,,99Q1=100,"Before 1st July 2005 old Romanian leu (ROL) divided by 10,000 is used",,4,,4F0,,Romanian leu/Euro ECB reference exchange rate,"ECB reference exchange rate, Romanian leu/Euro, 2.15 pm (C.E.T.)",RON,0
EXR.M.RON.EUR.SP00.A,M,RON,EUR,SP00,A,2010-11,4.2940090909091,A,F,,,P1M,,A,,,,,,,99Q1=100,"Before 1st July 2005 old Romanian leu (ROL) divided by 10,000 is used",,4,,4F0,,Romanian leu/Euro ECB reference exchange rate,"ECB reference exchange rate, Romanian leu/Euro, 2.15 pm (C.E.T.)",RON,0
EXR.M.RON.EUR.SP00.A,M,RON,EUR,SP00,A,2010-12,4.2929304347826,A,F,,,P1M,,A,,,,,,,99Q1=100,"Before 1st July 2005 old Romanian leu (ROL) divided by 10,000 is used",,4,,4F0,,Romanian leu/Euro ECB reference exchange rate,"ECB reference exchange rate, Romanian leu/Euro, 2.15 pm (C.E.T.)",RON,0
EXR.M.RON.EUR.SP00.A,M,RON,EUR,SP00,A,2011-01,4.2624428571429,A,F,,,P1M,,A,,,,,,,99Q1=100,"Before 1st July 2005 old Romanian leu (ROL) divided by 10,000 is used",,4,,4F0,,Romanian leu/Euro ECB reference exchange rate,"ECB reference exchange rate, Romanian leu/Euro, 2.15 pm (C.E.T.)",RON,0
EXR.M.RON.EUR.SP00.A,M,RON,EUR,SP00,A,2011-02,4.24568,A,F,,,P1M,,A,,,,,,,99Q1=100,"Before 1st July 2005 old Romanian leu (ROL) divided by 10,000 is used",,4,,4F0,,Romanian leu/Euro ECB reference exchange rate,"ECB reference exchange rate, Romanian leu/Euro, 2.15 pm (C.E.T.)",RON,0
EXR.M.RON.EUR.SP00.A,M,RON,EUR,SP00,A,2011-03,4.1621434782609,A,F,,,P1M,,A,,,,,,,99Q1=100,"Before 1st July 2005 old Romanian leu (ROL) divided by 10,000 is used",,4,,4F0,,Romanian leu/Euro ECB reference exchange rate,"ECB reference exchange rate, Romanian leu/Euro, 2.15 pm (C.E.T.)",RON,0
EXR.M.RON.EUR.SP00.A,M,RON,EUR,SP00,A,2011-04,4.1003947368421,A,F,,,P1M,,A,,,,,,,99Q1=100,"Before 1st July 2005 old Romanian leu (ROL) divided by 10,000 is used",,4,,4F0,,Romanian leu/Euro ECB reference exchange rate,"ECB reference exchange rate, Romanian leu/Euro, 2.15 pm (C.E.T.)",RON,0
EXR.M.RON.EUR.SP00.A,M,RON,EUR,SP00,A,2011-05,4.1141545454545,A,F,,,P1M,,A,,,,,,,99Q1=100,"Before 1st July 2005 old Romanian leu (ROL) divided by 10,000 is used",,4,,4F0,,Romanian leu/Euro ECB reference exchange rate,"ECB reference exchange rate, Romanian leu/Euro, 2.15 pm (C.E.T.)",RON,0
EXR.M.RON.EUR.SP00.A,M,RON,EUR,SP00,A,2011-06,4.1937318181818,A,F,,,P1M,,A,,,,,,,99Q1=100,"Before 1st July 2005 old Romanian leu (ROL) divided by 10,000 is used",,4,,4F0,,Romanian leu/Euro ECB reference exchange rate,"ECB reference exchange rate, Romanian leu/Euro, 2.15 pm (C.E.T.)",RON,0
EXR.M.RON.EUR.SP00.A,M,RON,EUR,SP00,A,2011-07,4.2413428571429,A,F,,,P1M,,A,,,,,,,99Q1=100,"Before 1st July 2005 old Romanian leu (ROL) divided by 10,000 is used",,4,,4F0,,Romanian leu/Euro ECB reference exchange rate,"ECB reference exchange rate, Romanian leu/Euro, 2.15 pm (C.E.T.)",RON,0
EXR.M.RON.EUR.SP00.A,M,RON,EUR,SP00,A,2011-08,4.2504695652174,A,F,,,P1M,,A,,,,,,,99Q1=100,"Before 1st July 2005 old Romanian leu (ROL) divided by 10,000 is used",,4,,4F0,,Romanian leu/Euro ECB reference exchange rate,"ECB reference exchange rate, Romanian leu/Euro, 2.15 pm (C.E.T.)",RON,0
EXR.M.RON.EUR.SP00.A,M,RON,EUR,SP00,A,2011-09,4.2838318181818,A,F,,,P1M,,A,,,,,,,99Q1=100,"Before 1st July 2005 old Romanian leu (ROL) divided by 10,000 is used",,4,,4F0,,Romanian leu/Euro ECB reference exchange rate,"ECB reference exchange rate, Romanian leu/Euro, 2.15 pm (C.E.T.)",RON,0
EXR.M.RON.EUR.SP00.A,M,RON,EUR,SP00,A,2011-10,4.3243714285714,A,F,,,P1M,,A,,,,,,,99Q1=100,"Before 1st July 2005 old Romanian leu (ROL) divided by 10,000 is used",,4,,4F0,,Romanian leu/Euro ECB reference exchange rate,"ECB reference exchange rate, Romanian leu/Euro, 2.15 pm (C.E.T.)",RON,0
EXR.M.RON.EUR.SP00.A,M,RON,EUR,SP00,A,2011-11,4.3559909090909,A,F,,,P1M,,A,,,,,,,99Q1=100,"Before 1st July 2005 old Romanian leu (ROL) divided by 10,000 is used",,4,,4F0,,Romanian leu/Euro ECB reference exchange rate,"ECB reference exchange rate, Romanian leu/Euro, 2.15 pm (C.E.T.)",RON,0
EXR.M.RON.EUR.SP00.A,M,RON,EUR,SP00,A,2011-12,4.3282428571429,A,F,,,P1M,,A,,,,,,,99Q1=100,"Before 1st July 2005 old Romanian leu (ROL) divided by 10,000 is used",,4,,4F0,,Romanian leu/Euro ECB reference exchange rate,"ECB reference exchange rate, Romanian leu/Euro, 2.15 pm (C.E.T.)",RON,0
EXR.M.RON.EUR.SP00.A,M,RON,EUR,SP00,A,2012-01,4.34165,A,F,,,P1M,,A,,,,,,,99Q1=100,"Before 1st July 2005 old Romanian leu (ROL) divided by 10,000 is used",,4,,4F0,,Romanian leu/Euro ECB reference exchange rate,"ECB reference exchange rate, Romanian leu/Euro, 2.15 pm (C.E.T.)",RON,0
EXR.M.RON.EUR.SP00.A,M,RON,EUR,SP00,A,2012-02,4.3512714285714,A,F,,,P1M,,A,,,,,,,99Q1=100,"Before 1st July 2005 old Romanian leu (ROL) divided by 10,000 is used",,4,,4F0,,Romanian leu/Euro ECB reference exchange rate,"ECB reference exchange rate, Romanian leu/Euro, 2.15 pm (C.E.T.)",RON,0
EXR.M.RON.EUR.SP00.A,M,RON,EUR,SP00,A,2012-03,4.3668272727273,A,F,,,P1M,,A,,,,,,,99Q1=100,"Before 1st July 2005 old Romanian leu (ROL) divided by 10,000 is used",,4,,4F0,,Romanian leu/Euro ECB reference exchange rate,"ECB reference exchange rate, Romanian leu/Euro, 2.15 pm (C.E.T.)",RON,0
EXR.M.RON.EUR.SP00.A,M,RON,EUR,SP00,A,2012-04,4.3789,A,F,,,P1M,,A,,,,,,,99Q1=100,"Before 1st July 2005 old Romanian leu (ROL) divided by 10,000 is used",,4,,4F0,,Romanian leu/Euro ECB reference exchange rate,"ECB reference exchange rate, Romanian leu/Euro, 2.15 pm (C.E.T.)",RON,0
EXR.M.RON.EUR.SP00.A,M,RON,EUR,SP00,A,2012-05,4.4411590909091,A,F,,,P1M,,A,,,,,,,99Q1=100,"Before 1st July 2005 old Romanian leu (ROL) divided by 10,000 is used",,4,,4F0,,Romanian leu/Euro ECB reference exchange rate,"ECB reference exchange rate, Romanian leu/Euro, 2.15 pm (C.E.T.)",RON,0
EXR.M.RON.EUR.SP00.A,M,RON,EUR,SP00,A,2012-06,4.4625761904762,A,F,,,P1M,,A,,,,,,,99Q1=100,"Before 1st July 2005 old Romanian leu (ROL) divided by 10,000 is used",,4,,4F0,,Romanian leu/Euro ECB reference exchange rate,"ECB reference exchange rate, Romanian leu/Euro, 2.15 pm (C.E.T.)",RON,0
EXR.M.RON.EUR.SP00.A,M,RON,EUR,SP00,A,2012-07,4.5549409090909,A,F,,,P1M,,A,,,,,,,99Q1=100,"Before 1st July 2005 old Romanian leu (ROL) divided by 10,000 is used",,4,,4F0,,Romanian leu/Euro ECB reference exchange rate,"ECB reference exchange rate, Romanian leu/Euro, 2.15 pm (C.E.T.)",RON,0
EXR.M.RON.EUR.SP00.A,M,RON,EUR,SP00,A,2012-08,4.5175652173913,A,F,,,P1M,,A,,,,,,,99Q1=100,"Before 1st July 2005 old Romanian leu (ROL) divided by 10,000 is used",,4,,4F0,,Romanian leu/Euro ECB reference exchange rate,"ECB reference exchange rate, Romanian leu/Euro, 2.15 pm (C.E.T.)",RON,0
EXR.M.RON.EUR.SP00.A,M,RON,EUR,SP00,A,2012-09,4.502165,A,F,,,P1M,,A,,,,,,,99Q1=100,"Before 1st July 2005 old Romanian leu (ROL) divided by 10,000 is used",,4,,4F0,,Romanian leu/Euro ECB reference exchange rate,"ECB reference exchange rate, Romanian leu/Euro, 2.15 pm (C.E.T.)",RON,0
EXR.M.RON.EUR.SP00.A,M,RON,EUR,SP00,A,2012-10,4.5623695652174,A,F,,,P1M,,A,,,,,,,99Q1=100,"Before 1st July 2005 old Romanian leu (ROL) divided by 10,000 is used",,4,,4F0,,Romanian leu/Euro ECB reference exchange rate,"ECB reference exchange rate, Romanian leu/Euro, 2.15 pm (C.E.T.)",RON,0
EXR.M.RON.EUR.SP00.A,M,RON,EUR,SP00,A,2012-11,4.5273454545455,A,F,,,P1M,,A,,,,,,,99Q1=100,"Before 1st July 2005 old Romanian leu (ROL) divided by 10,000 is used",,4,,4F0,,Romanian leu/Euro ECB reference exchange rate,"ECB reference exchange rate, Romanian leu/Euro, 2.15 pm (C.E.T.)",RON,0
EXR.M.RON.EUR.SP00.A,M,RON,EUR,SP00,A,2012-12,4.4899473684211,A,F,,,P1M,,A,,,,,,,99Q1=100,"Before 1st July 2005 old Romanian leu (ROL) divided by 10,000 is used",,4,,4F0,,Romanian leu/Euro ECB reference exchange rate,"ECB reference exchange rate, Romanian leu/Euro, 2.15 pm (C.E.T.)",RON,0
EXR.M.RON.EUR.SP00.A,M,RON,EUR,SP00,A,2013-01,4.3834863636364,A,F,,,P1M,,A,,,,,,,99Q1=100,"Before 1st July 2005 old Romanian leu (ROL) divided by 10,000 is used",,4,,4F0,,Romanian leu/Euro ECB reference exchange rate,"ECB reference exchange rate, Romanian leu/Euro, 2.15 pm (C.E.T.)",RON,0
EXR.M.RON.EUR.SP00.A,M,RON,EUR,SP00,A,2013-02,4.383855,A,F,,,P1M,,A,,,,,,,99Q1=100,"Before 1st July 2005 old Romanian leu (ROL) divided by 10,000 is used",,4,,4F0,,Romanian leu/Euro ECB reference exchange rate,"ECB reference exchange rate, Romanian leu/Euro, 2.15 pm (C.E.T.)",RON,0
EXR.M.RON.EUR.SP00.A,M,RON,EUR,SP00,A,2013-03,4.39231,A,F,,,P1M,,A,,,,,,,99Q1=100,"Before 1st July 2005 old Romanian leu (ROL) divided by 10,000 is used",,4,,4F0,,Romanian leu/Euro ECB reference exchange rate,"ECB reference exchange rate, Romanian leu/Euro, 2.15 pm (C.E.T.)",RON,0
EXR.M.RON.EUR.SP00.A,M,RON,EUR,SP00,A,2013-04,4.3779761904762,A,F,,,P1M,,A,,,,,,,99Q1=100,"Before 1st July 2005 old Romanian leu (ROL) divided by 10,000 is used",,4,,4F0,,Romanian leu/Euro ECB reference exchange rate,"ECB reference exchange rate, Romanian leu/Euro, 2.15 pm (C.E.T.)",RON,0
EXR.M.RON.EUR.SP00.A,M,RON,EUR,SP00,A,2013-05,4.3360363636364,A,F,,,P1M,,A,,,,,,,99Q1=100,"Before 1st July 2005 old Romanian leu (ROL) divided by 10,000 is used",,4,,4F0,,Romanian leu/Euro ECB reference exchange rate,"ECB reference exchange rate, Romanian leu/Euro, 2.15 pm (C.E.T.)",RON,0
EXR.M.RON.EUR.SP00.A,M,RON,EUR,SP00,A,2013-06,4.48029,A,F,,,P1M,,A,,,,,,,99Q1=100,"Before 1st July 2005 old Romanian leu (ROL) divided by 10,000 is used",,4,,4F0,,Romanian leu/Euro ECB reference exchange rate,"ECB reference exchange rate, Romanian leu/Euro, 2.15 pm (C.E.T.)",RON,0
EXR.M.RON.EUR.SP00.A,M,RON,EUR,SP00,A,2013-07,4.4243782608696,A,F,,,P1M,,A,,,,,,,99Q1=100,"Before 1st July 2005 old Romanian leu (ROL) divided by 10,000 is used",,4,,4F0,,Romanian leu/Euro ECB reference exchange rate,"ECB reference exchange rate, Romanian leu/Euro, 2.15 pm (C.E.T.)",RON,0
EXR.M.RON.EUR.SP00.A,M,RON,EUR,SP00,A,2013-08,4.4370818181818,A,F,,,P1M,,A,,,,,,,99Q1=100,"Before 1st July 2005 old Romanian leu (ROL) divided by 10,000 is used",,4,,4F0,,Romanian leu/Euro ECB reference exchange rate,"ECB reference exchange rate, Romanian leu/Euro, 2.15 pm (C.E.T.)",RON,0
EXR.M.RON.EUR.SP00.A,M,RON,EUR,SP00,A,2013-09,4.4633428571429,A,F,,,P1M,,A,,,,,,,99Q1=100,"Before 1st July 2005 old Romanian leu (ROL) divided by 10,000 is used",,4,,4F0,,Romanian leu/Euro ECB reference exchange rate,"ECB reference exchange rate, Romanian leu/Euro, 2.15 pm (C.E.T.)",RON,0
EXR.M.RON.EUR.SP00.A,M,RON,EUR,SP00,A,2013-10,4.4444434782609,A,F,,,P1M,,A,,,,,,,99Q1=100,"Before 1st July 2005 old Romanian leu (ROL) divided by 10,000 is used",,4,,4F0,,Romanian leu/Euro ECB reference exchange rate,"ECB reference exchange rate, Romanian leu/Euro, 2.15 pm (C.E.T.)",RON,0
EXR.M.RON.EUR.SP00.A,M,RON,EUR,SP00,A,2013-11,4.4451619047619,A,F,,,P1M,,A,,,,,,,99Q1=100,"Before 1st July 2005 old Romanian leu (ROL) divided by 10,000 is used",,4,,4F0,,Romanian leu/Euro ECB reference exchange rate,"ECB reference exchange rate, Romanian leu/Euro, 2.15 pm (C.E.T.)",RON,0
EXR.M.RON.EUR.SP00.A,M,RON,EUR,SP00,A,2013-12,4.46346,A,F,,,P1M,,A,,,,,,,99Q1=100,"Before 1st July 2005 old Romanian leu (ROL) divided by 10,000 is used",,4,,4F0,,Romanian leu/Euro ECB reference exchange rate,"ECB reference exchange rate, Romanian leu/Euro, 2.15 pm (C.E.T.)",RON,0
EXR.M.RON.EUR.SP00.A,M,RON,EUR,SP00,A,2014-01,4.5204590909091,A,F,,,P1M,,A,,,,,,,99Q1=100,"Before 1st July 2005 old Romanian leu (ROL) divided by 10,000 is used",,4,,4F0,,Romanian leu/Euro ECB reference exchange rate,"ECB reference exchange rate, Romanian leu/Euro, 2.15 pm (C.E.T.)",RON,0
EXR.M.RON.EUR.SP00.A,M,RON,EUR,SP00,A,2014-02,4.49177,A,F,,,P1M,,A,,,,,,,99Q1=100,"Before 1st July 2005 old Romanian leu (ROL) divided by 10,000 is used",,4,,4F0,,Romanian leu/Euro ECB reference exchange rate,"ECB reference exchange rate, Romanian leu/Euro, 2.15 pm (C.E.T.)",RON,0
EXR.M.RON.EUR.SP00.A,M,RON,EUR,SP00,A,2014-03,4.4933380952381,A,F,,,P1M,,A,,,,,,,99Q1=100,"Before 1st July 2005 old Romanian leu (ROL) divided by 10,000 is used",,4,,4F0,,Romanian leu/Euro ECB reference exchange rate,"ECB reference exchange rate, Romanian leu/Euro, 2.15 pm (C.E.T.)",RON,0
EXR.M.RON.EUR.SP00.A,M,RON,EUR,SP00,A,2014-04,4.46201,A,F,,,P1M,,A,,,,,,,99Q1=100,"Before 1st July 2005 old Romanian leu (ROL) divided by 10,000 is used",,4,,4F0,,Romanian leu/Euro ECB reference exchange rate,"ECB reference exchange rate, Romanian leu/Euro, 2.15 pm (C.E.T.)",RON,0
EXR.M.RON.EUR.SP00.A,M,RON,EUR,SP00,A,2014-05,4.4236523809524,A,F,,,P1M,,A,,,,,,,99Q1=100,"Before 1st July 2005 old Romanian leu (ROL) divided by 10,000 is used",,4,,4F0,,Romanian leu/Euro ECB reference exchange rate,"ECB reference exchange rate, Romanian leu/Euro, 2.15 pm (C.E.T.)",RON,0
EXR.M.RON.EUR.SP00.A,M,RON,EUR,SP00,A,2014-06,4.3929619047619,A,F,,,P1M,,A,,,,,,,99Q1=100,"Before 1st July 2005 old Romanian leu (ROL) divided by 10,000 is used",,4,,4F0,,Romanian leu/Euro ECB reference exchange rate,"ECB reference exchange rate, Romanian leu/Euro, 2.15 pm (C.E.T.)",RON,0
EXR.M.RON.EUR.SP00.A,M,RON,EUR,SP00,A,2014-07,4.4097826086957,A,F,,,P1M,,A,,,,,,,99Q1=100,"Before 1st July 2005 old Romanian leu (ROL) divided by 10,000 is used",,4,,4F0,,Romanian leu/Euro ECB reference exchange rate,"ECB reference exchange rate, Romanian leu/Euro, 2.15 pm (C.E.T.)",RON,0
EXR.M.RON.EUR.SP00.A,M,RON,EUR,SP00,A,2014-08,4.4252333333333,A,F,,,P1M,,A,,,,,,,99Q1=100,"Before 1st July 2005 old Romanian leu (ROL) divided by 10,000 is used",,4,,4F0,,Romanian leu/Euro ECB reference exchange rate,"ECB reference exchange rate, Romanian leu/Euro, 2.15 pm (C.E.T.)",RON,0
EXR.M.RON.EUR.SP00.A,M,RON,EUR,SP00,A,2014-09,4.4095272727273,A,F,,,P1M,,A,,,,,,,99Q1=100,"Before 1st July 2005 old Romanian leu (ROL) divided by 10,000 is used",,4,,4F0,,Romanian leu/Euro ECB reference exchange rate,"ECB reference exchange rate, Romanian leu/Euro, 2.15 pm (C.E.T.)",RON,0
EXR.M.RON.EUR.SP00.A,M,RON,EUR,SP00,A,2014-10,4.4152652173913,A,F,,,P1M,,A,,,,,,,99Q1=100,"Before 1st July 2005 old Romanian leu (ROL) divided by 10,000 is used",,4,,4F0,,Romanian leu/Euro ECB reference exchange rate,"ECB reference exchange rate, Romanian leu/Euro, 2.15 pm (C.E.T.)",RON,0
EXR.M.RON.EUR.SP00.A,M,RON,EUR,SP00,A,2014-11,4.42875,A,F,,,P1M,,A,,,,,,,99Q1=100,"Before 1st July 2005 old Romanian leu (ROL) divided by 10,000 is used",,4,,4F0,,Romanian leu/Euro ECB reference exchange rate,"ECB reference exchange rate, Romanian leu/Euro, 2.15 pm (C.E.T.)",RON,0
EXR.M.RON.EUR.SP00.A,M,RON,EUR,SP00,A,2014-12,4.4583047619048,A,F,,,P1M,,A,,,,,,,99Q1=100,"Before 1st July 2005 old Romanian leu (ROL) divided by 10,000 is used",,4,,4F0,,Romanian leu/Euro ECB reference exchange rate,"ECB reference exchange rate, Romanian leu/Euro, 2.15 pm (C.E.T.)",RON,0
EXR.M.RON.EUR.SP00.A,M,RON,EUR,SP00,A,2015-01,4.487419047619,A,F,,,P1M,,A,,,,,,,99Q1=100,"Before 1st July 2005 old Romanian leu (ROL) divided by 10,000 is used",,4,,4F0,,Romanian leu/Euro ECB reference exchange rate,"ECB reference exchange rate, Romanian leu/Euro, 2.15 pm (C.E.T.)",RON,0
EXR.M.RON.EUR.SP00.A,M,RON,EUR,SP00,A,2015-02,4.433425,A,F,,,P1M,,A,,,,,,,99Q1=100,"Before 1st July 2005 old Romanian leu (ROL) divided by 10,000 is used",,4,,4F0,,Romanian leu/Euro ECB reference exchange rate,"ECB reference exchange rate, Romanian leu/Euro, 2.15 pm (C.E.T.)",RON,0
EXR.M.RON.EUR.SP00.A,M,RON,EUR,SP00,A,2015-03,4.4338954545455,A,F,,,P1M,,A,,,,,,,99Q1=100,"Before 1st July 2005 old Romanian leu (ROL) divided by 10,000 is used",,4,,4F0,,Romanian leu/Euro ECB reference exchange rate,"ECB reference exchange rate, Romanian leu/Euro, 2.15 pm (C.E.T.)",RON,0
EXR.M.RON.EUR.SP00.A,M,RON,EUR,SP00,A,2015-04,4.41549,A,F,,,P1M,,A,,,,,,,99Q1=100,"Before 1st July 2005 old Romanian leu (ROL) divided by 10,000 is used",,4,,4F0,,Romanian leu/Euro ECB reference exchange rate,"ECB reference exchange rate, Romanian leu/Euro, 2.15 pm (C.E.T.)",RON,0
EXR.M.RON.EUR.SP00.A,M,RON,EUR,SP00,A,2015-05,4.447715,A,F,,,P1M,,A,,,,,,,99Q1=100,"Before 1st July 2005 old Romanian leu (ROL) divided by 10,000 is used",,4,,4F0,,Romanian leu/Euro ECB reference exchange rate,"ECB reference exchange rate, Romanian leu/Euro, 2.15 pm (C.E.T.)",RON,0
EXR.M.RON.EUR.SP00.A,M,RON,EUR,SP00,A,2015-06,4.4671454545455,A,F,,,P1M,,A,,,,,,,99Q1=100,"Before 1st July 2005 old Romanian leu (ROL) divided by 10,000 is used",,4,,4F0,,Romanian leu/Euro ECB reference exchange rate,"ECB reference exchange rate, Romanian leu/Euro, 2.15 pm (C.E.T.)",RON,0
EXR.M.RON.EUR.SP00.A,M,RON,EUR,SP00,A,2015-07,4.4391173913043,A,F,,,P1M,,A,,,,,,,99Q1=100,"Before 1st July 2005 old Romanian leu (ROL) divided by 10,000 is used",,4,,4F0,,Romanian leu/Euro ECB reference exchange rate,"ECB reference exchange rate, Romanian leu/Euro, 2.15 pm (C.E.T.)",RON,0
EXR.M.RON.EUR.SP00.A,M,RON,EUR,SP00,A,2015-08,4.4234857142857,A,F,,,P1M,,A,,,,,,,99Q1=100,"Before 1st July 2005 old Romanian leu (ROL) divided by 10,000 is used",,4,,4F0,,Romanian leu/Euro ECB reference exchange rate,"ECB reference exchange rate, Romanian leu/Euro, 2.15 pm (C.E.T.)",RON,0
EXR.M.RON.EUR.SP00.A,M,RON,EUR,SP00,A,2015-09,4.4235727272727,A,F,,,P1M,,A,,,,,,,99Q1=100,"Before 1st July 2005 old Romanian leu (ROL) divided by 10,000 is used",,4,,4F0,,Romanian leu/Euro ECB reference exchange rate,"ECB reference exchange rate, Romanian leu/Euro, 2.15 pm (C.E.T.)",RON,0
EXR.M.RON.EUR.SP00.A,M,RON,EUR,SP00,A,2015-10,4.4227136363636,A,F,,,P1M,,A,,,,,,,99Q1=100,"Before 1st July 2005 old Romanian leu (ROL) divided by 10,000 is used",,4,,4F0,,Romanian leu/Euro ECB reference exchange rate,"ECB reference exchange rate, Romanian leu/Euro, 2.15 pm (C.E.T.)",RON,0
EXR.M.RON.EUR.SP00.A,M,RON,EUR,SP00,A,2015-11,4.4452523809524,A,F,,,P1M,,A,,,,,,,99Q1=100,"Before 1st July 2005 old Romanian leu (ROL) divided by 10,000 is used",,4,,4F0,,Romanian leu/Euro ECB reference exchange rate,"ECB reference exchange rate, Romanian leu/Euro, 2.15 pm (C.E.T.)",RON,0
EXR.M.RON.EUR.SP00.A,M,RON,EUR,SP00,A,2015-12,4.5033318181818,A,F,,,P1M,,A,,,,,,,99Q1=100,"Before 1st July 2005 old Romanian leu (ROL) divided by 10,000 is used",,4,,4F0,,Romanian leu/Euro ECB reference exchange rate,"ECB reference exchange rate, Romanian leu/Euro, 2.15 pm (C.E.T.)",RON,0
EXR.M.RON.EUR.SP00.A,M,RON,EUR,SP00,A,2016-01,4.531075,A,F,,,P1M,,A,,,,,,,99Q1=100,"Before 1st July 2005 old Romanian leu (ROL) divided by 10,000 is used",,4,,4F0,,Romanian leu/Euro ECB reference exchange rate,"ECB reference exchange rate, Romanian leu/Euro, 2.15 pm (C.E.T.)",RON,0
EXR.M.RON.EUR.SP00.A,M,RON,EUR,SP00,A,2016-02,4.4813571428571,A,F,,,P1M,,A,,,,,,,99Q1=100,"Before 1st July 2005 old Romanian leu (ROL) divided by 10,000 is used",,4,,4F0,,Romanian leu/Euro ECB reference exchange rate,"ECB reference exchange rate, Romanian leu/Euro, 2.15 pm (C.E.T.)",RON,0
EXR.M.RON.EUR.SP00.A,M,RON,EUR,SP00,A,2016-03,4.4666,A,F,,,P1M,,A,,,,,,,99Q1=100,"Before 1st July 2005 old Romanian leu (ROL) divided by 10,000 is used",,4,,4F0,,Romanian leu/Euro ECB reference exchange rate,"ECB reference exchange rate, Romanian leu/Euro, 2.15 pm (C.E.T.)",RON,0
EXR.M.RON.EUR.SP00.A,M,RON,EUR,SP00,A,2016-04,4.4724142857143,A,F,,,P1M,,A,,,,,,,99Q1=100,"Before 1st July 2005 old Romanian leu (ROL) divided by 10,000 is used",,4,,4F0,,Romanian leu/Euro ECB reference exchange rate,"ECB reference exchange rate, Romanian leu/Euro, 2.15 pm (C.E.T.)",RON,0
EXR.M.RON.EUR.SP00.A,M,RON,EUR,SP00,A,2016-05,4.4990590909091,A,F,,,P1M,,A,,,,,,,99Q1=100,"Before 1st July 2005 old Romanian leu (ROL) divided by 10,000 is used",,4,,4F0,,Romanian leu/Euro ECB reference exchange rate,"ECB reference exchange rate, Romanian leu/Euro, 2.15 pm (C.E.T.)",RON,0
EXR.M.RON.EUR.SP00.A,M,RON,EUR,SP00,A,2016-06,4.5230363636364,A,F,,,P1M,,A,,,,,,,99Q1=100,"Before 1st July 2005 old Romanian leu (ROL) divided by 10,000 is used",,4,,4F0,,Romanian leu/Euro ECB reference exchange rate,"ECB reference exchange rate, Romanian leu/Euro, 2.15 pm (C.E.T.)",RON,0
EXR.M.RON.EUR.SP00.A,M,RON,EUR,SP00,A,2016-07,4.4855523809524,A,F,,,P1M,,A,,,,,,,99Q1=100,"Before 1st July 2005 old Romanian leu (ROL) divided by 10,000 is used",,4,,4F0,,Romanian leu/Euro ECB reference exchange rate,"ECB reference exchange rate, Romanian leu/Euro, 2.15 pm (C.E.T.)",RON,0
EXR.M.RON.EUR.SP00.A,M,RON,EUR,SP00,A,2016-08,4.4591304347826,A,F,,,P1M,,A,,,,,,,99Q1=100,"Before 1st July 2005 old Romanian leu (ROL) divided by 10,000 is used",,4,,4F0,,Romanian leu/Euro ECB reference exchange rate,"ECB reference exchange rate, Romanian leu/Euro, 2.15 pm (C.E.T.)",RON,0
EXR.M.RON.EUR.SP00.A,M,RON,EUR,SP00,A,2016-09,4.4502409090909,A,F,,,P1M,,A,,,,,,,99Q1=100,"Before 1st July 2005 old Romanian leu (ROL) divided by 10,000 is used",,4,,4F0,,Romanian leu/Euro ECB reference exchange rate,"ECB reference exchange rate, Romanian leu/Euro, 2.15 pm (C.E.T.)",RON,0
EXR.M.RON.EUR.SP00.A,M,RON,EUR,SP00,A,2016-10,4.4941761904762,A,F,,,P1M,,A,,,,,,,99Q1=100,"Before 1st July 2005 old Romanian leu (ROL) divided by 10,000 is used",,4,,4F0,,Romanian leu/Euro ECB reference exchange rate,"ECB reference exchange rate, Romanian leu/Euro, 2.15 pm (C.E.T.)",RON,0
EXR.M.RON.EUR.SP00.A,M,RON,EUR,SP00,A,2016-11,4.5100318181818,A,F,,,P1M,,A,,,,,,,99Q1=100,"Before 1st July 2005 old Romanian leu (ROL) divided by 10,000 is used",,4,,4F0,,Romanian leu/Euro ECB reference exchange rate,"ECB reference exchange rate, Romanian leu/Euro, 2.15 pm (C.E.T.)",RON,0
EXR.M.RON.EUR.SP00.A,M,RON,EUR,SP00,A,2016-12,4.5163714285714,A,F,,,P1M,,A,,,,,,,99Q1=100,"Before 1st July 2005 old Romanian leu (ROL) divided by 10,000 is used",,4,,4F0,,Romanian leu/Euro ECB reference exchange rate,"ECB reference exchange rate, Romanian leu/Euro, 2.15 pm (C.E.T.)",RON,0
EXR.M.RON.EUR.SP00.A,M,RON,EUR,SP00,A,2017-01,4.5018090909091,A,F,,,P1M,,A,,,,,,,99Q1=100,"Before 1st July 2005 old Romanian leu (ROL) divided by 10,000 is used",,4,,4F0,,Romanian leu/Euro ECB reference exchange rate,"ECB reference exchange rate, Romanian leu/Euro, 2.15 pm (C.E.T.)",RON,0
EXR.M.RON.EUR.SP00.A,M,RON,EUR,SP00,A,2017-02,4.513625,A,F,,,P1M,,A,,,,,,,99Q1=100,"Before 1st July 2005 old Romanian leu (ROL) divided by 10,000 is used",,4,,4F0,,Romanian leu/Euro ECB reference exchange rate,"ECB reference exchange rate, Romanian leu/Euro, 2.15 pm (C.E.T.)",RON,0
EXR.M.RON.EUR.SP00.A,M,RON,EUR,SP00,A,2017-03,4.547647826087,A,F,,,P1M,,A,,,,,,,99Q1=100,"Before 1st July 2005 old Romanian leu (ROL) divided by 10,000 is used",,4,,4F0,,Romanian leu/Euro ECB reference exchange rate,"ECB reference exchange rate, Romanian leu/Euro, 2.15 pm (C.E.T.)",RON,0
EXR.M.RON.EUR.SP00.A,M,RON,EUR,SP00,A,2017-04,4.5291166666667,A,F,,,P1M,,A,,,,,,,99Q1=100,"Before 1st July 2005 old Romanian leu (ROL) divided by 10,000 is used",,4,,4F0,,Romanian leu/Euro ECB reference exchange rate,"ECB reference exchange rate, Romanian leu/Euro, 2.15 pm (C.E.T.)",RON,0
EXR.M.RON.EUR.SP00.A,M,RON,EUR,SP00,A,2017-05,4.5539409090909,A,F,,,P1M,,A,,,,,,,99Q1=100,"Before 1st July 2005 old Romanian leu (ROL) divided by 10,000 is used",,4,,4F0,,Romanian leu/Euro ECB reference exchange rate,"ECB reference exchange rate, Romanian leu/Euro, 2.15 pm (C.E.T.)",RON,0
EXR.M.RON.EUR.SP00.A,M,RON,EUR,SP00,A,2017-06,4.5720636363636,A,F,,,P1M,,A,,,,,,,99Q1=100,"Before 1st July 2005 old Romanian leu (ROL) divided by 10,000 is used",,4,,4F0,,Romanian leu/Euro ECB reference exchange rate,"ECB reference exchange rate, Romanian leu/Euro, 2.15 pm (C.E.T.)",RON,0
EXR.M.RON.EUR.SP00.A,M,RON,EUR,SP00,A,2017-07,4.568880952381,A,F,,,P1M,,A,,,,,,,99Q1=100,"Before 1st July 2005 old Romanian leu (ROL) divided by 10,000 is used",,4,,4F0,,Romanian leu/Euro ECB reference exchange rate,"ECB reference exchange rate, Romanian leu/Euro, 2.15 pm (C.E.T.)",RON,0
EXR.M.RON.EUR.SP00.A,M,RON,EUR,SP00,A,2017-08,4.5788956521739,A,F,,,P1M,,A,,,,,,,99Q1=100,"Before 1st July 2005 old Romanian leu (ROL) divided by 10,000 is used",,4,,4F0,,Romanian leu/Euro ECB reference exchange rate,"ECB reference exchange rate, Romanian leu/Euro, 2.15 pm (C.E.T.)",RON,0
EXR.M.RON.EUR.SP00.A,M,RON,EUR,SP00,A,2017-09,4.5991714285714,A,F,,,P1M,,A,,,,,,,99Q1=100,"Before 1st July 2005 old Romanian leu (ROL) divided by 10,000 is used",,4,,4F0,,Romanian leu/Euro ECB reference exchange rate,"ECB reference exchange rate, Romanian leu/Euro, 2.15 pm (C.E.T.)",RON,0
EXR.M.RON.EUR.SP00.A,M,RON,EUR,SP00,A,2017-10,4.5895045454545,A,F,,,P1M,,A,,,,,,,99Q1=100,"Before 1st July 2005 old Romanian leu (ROL) divided by 10,000 is used",,4,,4F0,,Romanian leu/Euro ECB reference exchange rate,"ECB reference exchange rate, Romanian leu/Euro, 2.15 pm (C.E.T.)",RON,0
EXR.M.RON.EUR.SP00.A,M,RON,EUR,SP00,A,2017-11,4.6346863636364,A,F,,,P1M,,A,,,,,,,99Q1=100,"Before 1st July 2005 old Romanian leu (ROL) divided by 10,000 is used",,4,,4F0,,Romanian leu/Euro ECB reference exchange rate,"ECB reference exchange rate, Romanian leu/Euro, 2.15 pm (C.E.T.)",RON,0
EXR.M.RON.EUR.SP00.A,M,RON,EUR,SP00,A,2017-12,4.6347842105263,A,F,,,P1M,,A,,,,,,,99Q1=100,"Before 1st July 2005 old Romanian leu (ROL) divided by 10,000 is used",,4,,4F0,,Romanian leu/Euro ECB reference exchange rate,"ECB reference exchange rate, Romanian leu/Euro, 2.15 pm (C.E.T.)",RON,0
EXR.M.RON.EUR.SP00.A,M,RON,EUR,SP00,A,2018-01,4.6491181818182,A,F,,,P1M,,A,,,,,,,99Q1=100,"Before 1st July 2005 old Romanian leu (ROL) divided by 10,000 is used",,4,,4F0,,Romanian leu/Euro ECB reference exchange rate,"ECB reference exchange rate, Romanian leu/Euro, 2.15 pm (C.E.T.)",RON,0
EXR.M.RON.EUR.SP00.A,M,RON,EUR,SP00,A,2018-02,4.65591,A,F,,,P1M,,A,,,,,,,99Q1=100,"Before 1st July 2005 old Romanian leu (ROL) divided by 10,000 is used",,4,,4F0,,Romanian leu/Euro ECB reference exchange rate,"ECB reference exchange rate, Romanian leu/Euro, 2.15 pm (C.E.T.)",RON,0
EXR.M.RON.EUR.SP00.A,M,RON,EUR,SP00,A,2018-03,4.6613380952381,A,F,,,P1M,,A,,,,,,,99Q1=100,"Before 1st July 2005 old Romanian leu (ROL) divided by 10,000 is used",,4,,4F0,,Romanian leu/Euro ECB reference exchange rate,"ECB reference exchange rate, Romanian leu/Euro, 2.15 pm (C.E.T.)",RON,0
EXR.M.RON.EUR.SP00.A,M,RON,EUR,SP00,A,2018-04,4.65783,A,F,,,P1M,,A,,,,,,,99Q1=100,"Before 1st July 2005 old Romanian leu (ROL) divided by 10,000 is used",,4,,4F0,,Romanian leu/Euro ECB reference exchange rate,"ECB reference exchange rate, Romanian leu/Euro, 2.15 pm (C.E.T.)",RON,0
EXR.M.RON.EUR.SP00.A,M,RON,EUR,SP00,A,2018-05,4.6404045454545,A,F,,,P1M,,A,,,,,,,99Q1=100,"Before 1st July 2005 old Romanian leu (ROL) divided by 10,000 is used",,4,,4F0,,Romanian leu/Euro ECB reference exchange rate,"ECB reference exchange rate, Romanian leu/Euro, 2.15 pm (C.E.T.)",RON,0
EXR.M.RON.EUR.SP00.A,M,RON,EUR,SP00,A,2018-06,4.6622857142857,A,F,,,P1M,,A,,,,,,,99Q1=100,"Before 1st July 2005 old Romanian leu (ROL) divided by 10,000 is used",,4,,4F0,,Romanian leu/Euro ECB reference exchange rate,"ECB reference exchange rate, Romanian leu/Euro, 2.15 pm (C.E.T.)",RON,0
EXR.M.RON.EUR.SP00.A,M,RON,EUR,SP00,A,2018-07,4.6504136363636,A,F,,,P1M,,A,,,,,,,99Q1=100,"Before 1st July 2005 old Romanian leu (ROL) divided by 10,000 is used",,4,,4F0,,Romanian leu/Euro ECB reference exchange rate,"ECB reference exchange rate, Romanian leu/Euro, 2.15 pm (C.E.T.)",RON,0
EXR.M.RON.EUR.SP00.A,M,RON,EUR,SP00,A,2018-08,4.643852173913,A,F,,,P1M,,A,,,,,,,99Q1=100,"Before 1st July 2005 old Romanian leu (ROL) divided by 10,000 is used",,4,,4F0,,Romanian leu/Euro ECB reference exchange rate,"ECB reference exchange rate, Romanian leu/Euro, 2.15 pm (C.E.T.)",RON,0
EXR.M.RON.EUR.SP00.A,M,RON,EUR,SP00,A,2018-09,4.647135,A,F,,,P1M,,A,,,,,,,99Q1=100,"Before 1st July 2005 old Romanian leu (ROL) divided by 10,000 is used",,4,,4F0,,Romanian leu/Euro ECB reference exchange rate,"ECB reference exchange rate, Romanian leu/Euro, 2.15 pm (C.E.T.)",RON,0
EXR.M.RON.EUR.SP00.A,M,RON,EUR,SP00,A,2018-10,4.6657913043478,A,F,,,P1M,,A,,,,,,,99Q1=100,"Before 1st July 2005 old Romanian leu (ROL) divided by 10,000 is used",,4,,4F0,,Romanian leu/Euro ECB reference exchange rate,"ECB reference exchange rate, Romanian leu/Euro, 2.15 pm (C.E.T.)",RON,0
EXR.M.RON.EUR.SP00.A,M,RON,EUR,SP00,A,2018-11,4.6609863636364,A,F,,,P1M,,A,,,,,,,99Q1=100,"Before 1st July 2005 old Romanian leu (ROL) divided by 10,000 is used",,4,,4F0,,Romanian leu/Euro ECB reference exchange rate,"ECB reference exchange rate, Romanian leu/Euro, 2.15 pm (C.E.T.)",RON,0
EXR.M.RON.EUR.SP00.A,M,RON,EUR,SP00,A,2018-12,4.6535789473684,A,F,,,P1M,,A,,,,,,,99Q1=100,"Before 1st July 2005 old Romanian leu (ROL) divided by 10,000 is used",,4,,4F0,,Romanian leu/Euro ECB reference exchange rate,"ECB reference exchange rate, Romanian leu/Euro, 2.15 pm (C.E.T.)",RON,0
EXR.M.RON.EUR.SP00.A,M,RON,EUR,SP00,A,2019-01,4.7061818181818,A,F,,,P1M,,A,,,,,,,99Q1=100,"Before 1st July 2005 old Romanian leu (ROL) divided by 10,000 is used",,4,,4F0,,Romanian leu/Euro ECB reference exchange rate,"ECB reference exchange rate, Romanian leu/Euro, 2.15 pm (C.E.T.)",RON,0
EXR.M.RON.EUR.SP00.A,M,RON,EUR,SP00,A,2019-02,4.74857,A,F,,,P1M,,A,,,,,,,99Q1=100,"Before 1st July 2005 old Romanian leu (ROL) divided by 10,000 is used",,4,,4F0,,Romanian leu/Euro ECB reference exchange rate,"ECB reference exchange rate, Romanian leu/Euro, 2.15 pm (C.E.T.)",RON,0
EXR.M.RON.EUR.SP00.A,M,RON,EUR,SP00,A,2019-03,4.7546,A,F,,,P1M,,A,,,,,,,99Q1=100,"Before 1st July 2005 old Romanian leu (ROL) divided by 10,000 is used",,4,,4F0,,Romanian leu/Euro ECB reference exchange rate,"ECB reference exchange rate, Romanian leu/Euro, 2.15 pm (C.E.T.)",RON,0
EXR.M.RON.EUR.SP00.A,M,RON,EUR,SP00,A,2019-04,4.75835,A,F,,,P1M,,A,,,,,,,99Q1=100,"Before 1st July 2005 old Romanian leu (ROL) divided by 10,000 is used",,4,,4F0,,Romanian leu/Euro ECB reference exchange rate,"ECB reference exchange rate, Romanian leu/Euro, 2.15 pm (C.E.T.)",RON,0
EXR.M.RON.EUR.SP00.A,M,RON,EUR,SP00,A,2019-05,4.7593545454545,A,F,,,P1M,,A,,,,,,,99Q1=100,"Before 1st July 2005 old Romanian leu (ROL) divided by 10,000 is used",,4,,4F0,,Romanian leu/Euro ECB reference exchange rate,"ECB reference exchange rate, Romanian leu/Euro, 2.15 pm (C.E.T.)",RON,0
EXR.M.RON.EUR.SP00.A,M,RON,EUR,SP00,A,2019-06,4.725005,A,F,,,P1M,,A,,,,,,,99Q1=100,"Before 1st July 2005 old Romanian leu (ROL) divided by 10,000 is used",,4,,4F0,,Romanian leu/Euro ECB reference exchange rate,"ECB reference exchange rate, Romanian leu/Euro, 2.15 pm (C.E.T.)",RON,0
EXR.M.RON.EUR.SP00.A,M,RON,EUR,SP00,A,2019-07,4.7286130434783,A,F,,,P1M,,A,,,,,,,99Q1=100,"Before 1st July 2005 old Romanian leu (ROL) divided by 10,000 is used",,4,,4F0,,Romanian leu/Euro ECB reference exchange rate,"ECB reference exchange rate, Romanian leu/Euro, 2.15 pm (C.E.T.)",RON,0
EXR.M.RON.EUR.SP00.A,M,RON,EUR,SP00,A,2019-08,4.7280090909091,A,F,,,P1M,,A,,,,,,,99Q1=100,"Before 1st July 2005 old Romanian leu (ROL) divided by 10,000 is used",,4,,4F0,,Romanian leu/Euro ECB reference exchange rate,"ECB reference exchange rate, Romanian leu/Euro, 2.15 pm (C.E.T.)",RON,0
EXR.M.RON.EUR.SP00.A,M,RON,EUR,SP00,A,2019-09,4.7380714285714,A,F,,,P1M,,A,,,,,,,99Q1=100,"Before 1st July 2005 old Romanian leu (ROL) divided by 10,000 is used",,4,,4F0,,Romanian leu/Euro ECB reference exchange rate,"ECB reference exchange rate, Romanian leu/Euro, 2.15 pm (C.E.T.)",RON,0
EXR.M.RON.EUR.SP00.A,M,RON,EUR,SP00,A,2019-10,4.7538347826087,A,F,,,P1M,,A,,,,,,,99Q1=100,"Before 1st July 2005 old Romanian leu (ROL) divided by 10,000 is used",,4,,4F0,,Romanian leu/Euro ECB reference exchange rate,"ECB reference exchange rate, Romanian leu/Euro, 2.15 pm (C.E.T.)",RON,0
EXR.M.RON.EUR.SP00.A,M,RON,EUR,SP00,A,2019-11,4.7698380952381,A,F,,,P1M,,A,,,,,,,99Q1=100,"Before 1st July 2005 old Romanian leu (ROL) divided by 10,000 is used",,4,,4F0,,Romanian leu/Euro ECB reference exchange rate,"ECB reference exchange rate, Romanian leu/Euro, 2.15 pm (C.E.T.)",RON,0
EXR.M.RON.EUR.SP00.A,M,RON,EUR,SP00,A,2019-12,4.7779,A,F,,,P1M,,A,,,,,,,99Q1=100,"Before 1st July 2005 old Romanian leu (ROL) divided by 10,000 is used",,4,,4F0,,Romanian leu/Euro ECB reference exchange rate,"ECB reference exchange rate, Romanian leu/Euro, 2.15 pm (C.E.T.)",RON,0
EXR.M.RON.EUR.SP00.A,M,RON,EUR,SP00,A,2020-01,4.7787909090909,A,F,,,P1M,,A,,,,,,,99Q1=100,"Before 1st July 2005 old Romanian leu (ROL) divided by 10,000 is used",,4,,4F0,,Romanian leu/Euro ECB reference exchange rate,"ECB reference exchange rate, Romanian leu/Euro, 2.15 pm (C.E.T.)",RON,0
EXR.M.RON.EUR.SP00.A,M,RON,EUR,SP00,A,2020-02,4.78372,A,F,,,P1M,,A,,,,,,,99Q1=100,"Before 1st July 2005 old Romanian leu (ROL) divided by 10,000 is used",,4,,4F0,,Romanian leu/Euro ECB reference exchange rate,"ECB reference exchange rate, Romanian leu/Euro, 2.15 pm (C.E.T.)",RON,0
EXR.M.RON.EUR.SP00.A,M,RON,EUR,SP00,A,2020-03,4.8281545454545,A,F,,,P1M,,A,,,,,,,99Q1=100,"Before 1st July 2005 old Romanian leu (ROL) divided by 10,000 is used",,4,,4F0,,Romanian leu/Euro ECB reference exchange rate,"ECB reference exchange rate, Romanian leu/Euro, 2.15 pm (C.E.T.)",RON,0
EXR.M.RON.EUR.SP00.A,M,RON,EUR,SP00,A,2020-04,4.83714,A,F,,,P1M,,A,,,,,,,99Q1=100,"Before 1st July 2005 old Romanian leu (ROL) divided by 10,000 is used",,4,,4F0,,Romanian leu/Euro ECB reference exchange rate,"ECB reference exchange rate, Romanian leu/Euro, 2.15 pm (C.E.T.)",RON,0
EXR.M.RON.EUR.SP00.A,M,RON,EUR,SP00,A,2020-05,4.837115,A,F,,,P1M,,A,,,,,,,99Q1=100,"Before 1st July 2005 old Romanian leu (ROL) divided by 10,000 is used",,4,,4F0,,Romanian leu/Euro ECB reference exchange rate,"ECB reference exchange rate, Romanian leu/Euro, 2.15 pm (C.E.T.)",RON,0
EXR.M.RON.EUR.SP00.A,M,RON,EUR,SP00,A,2020-06,4.8391590909091,A,F,,,P1M,,A,,,,,,,99Q1=100,"Before 1st July 2005 old Romanian leu (ROL) divided by 10,000 is used",,4,,4F0,,Romanian leu/Euro ECB reference exchange rate,"ECB reference exchange rate, Romanian leu/Euro, 2.15 pm (C.E.T.)",RON,0
EXR.M.RON.EUR.SP00.A,M,RON,EUR,SP00,A,2020-07,4.8383217391304,A,F,,,P1M,,A,,,,,,,99Q1=100,"Before 1st July 2005 old Romanian leu (ROL) divided by 10,000 is used",,4,,4F0,,Romanian leu/Euro ECB reference exchange rate,"ECB reference exchange rate, Romanian leu/Euro, 2.15 pm (C.E.T.)",RON,0
EXR.M.RON.EUR.SP00.A,M,RON,EUR,SP00,A,2020-08,4.8376095238095,A,F,,,P1M,,A,,,,,,,99Q1=100,"Before 1st July 2005 old Romanian leu (ROL) divided by 10,000 is used",,4,,4F0,,Romanian leu/Euro ECB reference exchange rate,"ECB reference exchange rate, Romanian leu/Euro, 2.15 pm (C.E.T.)",RON,0
EXR.M.RON.EUR.SP00.A,M,RON,EUR,SP00,A,2020-09,4.8602136363636,A,F,,,P1M,,A,,,,,,,99Q1=100,"Before 1st July 2005 old Romanian leu (ROL) divided by 10,000 is used",,4,,4F0,,Romanian leu/Euro ECB reference exchange rate,"ECB reference exchange rate, Romanian leu/Euro, 2.15 pm (C.E.T.)",RON,0
EXR.M.RON.EUR.SP00.A,M,RON,EUR,SP00,A,2020-10,4.8747409090909,A,F,,,P1M,,A,,,,,,,99Q1=100,"Before 1st July 2005 old Romanian leu (ROL) divided by 10,000 is used",,4,,4F0,,Romanian leu/Euro ECB reference exchange rate,"ECB reference exchange rate, Romanian leu/Euro, 2.15 pm (C.E.T.)",RON,0
EXR.M.RON.EUR.SP00.A,M,RON,EUR,SP00,A,2020-11,4.8703619047619,A,F,,,P1M,,A,,,,,,,99Q1=100,"Before 1st July 2005 old Romanian leu (ROL) divided by 10,000 is used",,4,,4F0,,Romanian leu/Euro ECB reference exchange rate,"ECB reference exchange rate, Romanian leu/Euro, 2.15 pm (C.E.T.)",RON,0
EXR.M.RON.EUR.SP00.A,M,RON,EUR,SP00,A,2020-12,4.87025,A,F,,,P1M,,A,,,,,,,99Q1=100,"Before 1st July 2005 old Romanian leu (ROL) divided by 10,000 is used",,4,,4F0,,Romanian leu/Euro ECB reference exchange rate,"ECB reference exchange rate, Romanian leu/Euro, 2.15 pm (C.E.T.)",RON,0
EXR.M.RON.EUR.SP00.A,M,RON,EUR,SP00,A,2021-01,4.873245,A,F,,,P1M,,A,,,,,,,99Q1=100,"Before 1st July 2005 old Romanian leu (ROL) divided by 10,000 is used",,4,,4F0,,Romanian leu/Euro ECB reference exchange rate,"ECB reference exchange rate, Romanian leu/Euro, 2.15 pm (C.E.T.)",RON,0
EXR.M.RON.EUR.SP00.A,M,RON,EUR,SP00,A,2021-02,4.874975,A,F,,,P1M,,A,,,,,,,99Q1=100,"Before 1st July 2005 old Romanian leu (ROL) divided by 10,000 is used",,4,,4F0,,Romanian leu/Euro ECB reference exchange rate,"ECB reference exchange rate, Romanian leu/Euro, 2.15 pm (C.E.T.)",RON,0
EXR.M.RON.EUR.SP00.A,M,RON,EUR,SP00,A,2021-03,4.8883608695652,A,F,,,P1M,,A,,,,,,,99Q1=100,"Before 1st July 2005 old Romanian leu (ROL) divided by 10,000 is used",,4,,4F0,,Romanian leu/Euro ECB reference exchange rate,"ECB reference exchange rate, Romanian leu/Euro, 2.15 pm (C.E.T.)",RON,0
EXR.M.RON.EUR.SP00.A,M,RON,EUR,SP00,A,2021-04,4.92313,A,F,,,P1M,,A,,,,,,,99Q1=100,"Before 1st July 2005 old Romanian leu (ROL) divided by 10,000 is used",,4,,4F0,,Romanian leu/Euro ECB reference exchange rate,"ECB reference exchange rate, Romanian leu/Euro, 2.15 pm (C.E.T.)",RON,0
EXR.M.RON.EUR.SP00.A,M,RON,EUR,SP00,A,2021-05,4.925,A,F,,,P1M,,A,,,,,,,99Q1=100,"Before 1st July 2005 old Romanian leu (ROL) divided by 10,000 is used",,4,,4F0,,Romanian leu/Euro ECB reference exchange rate,"ECB reference exchange rate, Romanian leu/Euro, 2.15 pm (C.E.T.)",RON,0
EXR.M.RON.EUR.SP00.A,M,RON,EUR,SP00,A,2021-06,4.9237954545455,A,F,,,P1M,,A,,,,,,,99Q1=100,"Before 1st July 2005 old Romanian leu (ROL) divided by 10,000 is used",,4,,4F0,,Romanian leu/Euro ECB reference exchange rate,"ECB reference exchange rate, Romanian leu/Euro, 2.15 pm (C.E.T.)",RON,0
EXR.M.RON.EUR.SP00.A,M,RON,EUR,SP00,A,2021-07,4.9254954545455,A,F,,,P1M,,A,,,,,,,99Q1=100,"Before 1st July 2005 old Romanian leu (ROL) divided by 10,000 is used",,4,,4F0,,Romanian leu/Euro ECB reference exchange rate,"ECB reference exchange rate, Romanian leu/Euro, 2.15 pm (C.E.T.)",RON,0
EXR.M.RON.EUR.SP00.A,M,RON,EUR,SP00,A,2021-08,4.9231590909091,A,F,,,P1M,,A,,,,,,,99Q1=100,"Before 1st July 2005 old Romanian leu (ROL) divided by 10,000 is used",,4,,4F0,,Romanian leu/Euro ECB reference exchange rate,"ECB reference exchange rate, Romanian leu/Euro, 2.15 pm (C.E.T.)",RON,0
EXR.M.RON.EUR.SP00.A,M,RON,EUR,SP00,A,2021-09,4.9471272727273,A,F,,,P1M,,A,,,,,,,99Q1=100,"Before 1st July 2005 old Romanian leu (ROL) divided by 10,000 is used",,4,,4F0,,Romanian leu/Euro ECB reference exchange rate,"ECB reference exchange rate, Romanian leu/Euro, 2.15 pm (C.E.T.)",RON,0
EXR.M.RON.EUR.SP00.A,M,RON,EUR,SP00,A,2021-10,4.9480428571429,A,F,,,P1M,,A,,,,,,,99Q1=100,"Before 1st July 2005 old Romanian leu (ROL) divided by 10,000 is used",,4,,4F0,,Romanian leu/Euro ECB reference exchange rate,"ECB reference exchange rate, Romanian leu/Euro, 2.15 pm (C.E.T.)",RON,0
EXR.M.RON.EUR.SP00.A,M,RON,EUR,SP00,A,2021-11,4.9493636363636,A,F,,,P1M,,A,,,,,,,99Q1=100,"Before 1st July 2005 old Romanian leu (ROL) divided by 10,000 is used",,4,,4F0,,Romanian leu/Euro ECB reference exchange rate,"ECB reference exchange rate, Romanian leu/Euro, 2.15 pm (C.E.T.)",RON,0
EXR.M.RON.EUR.SP00.A,M,RON,EUR,SP00,A,2021-12,4.9492,A,F,,,P1M,,A,,,,,,,99Q1=100,"Before 1st July 2005 old Romanian leu (ROL) divided by 10,000 is used",,4,,4F0,,Romanian leu/Euro ECB reference exchange rate,"ECB reference exchange rate, Romanian leu/Euro, 2.15 pm (C.E.T.)",RON,0
EXR.M.RON.EUR.SP00.A,M,RON,EUR,SP00,A,2022-01,4.9454,A,F,,,P1M,,A,,,,,,,99Q1=100,"Before 1st July 2005 old Romanian leu (ROL) divided by 10,000 is used",,4,,4F0,,Romanian leu/Euro ECB reference exchange rate,"ECB reference exchange rate, Romanian leu/Euro, 2.15 pm (C.E.T.)",RON,0
EXR.M.RON.EUR.SP00.A,M,RON,EUR,SP00,A,2022-02,4.94578,A,F,,,P1M,,A,,,,,,,99Q1=100,"Before 1st July 2005 old Romanian leu (ROL) divided by 10,000 is used",,4,,4F0,,Romanian leu/Euro ECB reference exchange rate,"ECB reference exchange rate, Romanian leu/Euro, 2.15 pm (C.E.T.)",RON,0
EXR.M.RON.EUR.SP00.A,M,RON,EUR,SP00,A,2022-03,4.9482347826087,A,F,,,P1M,,A,,,,,,,99Q1=100,"Before 1st July 2005 old Romanian leu (ROL) divided by 10,000 is used",,4,,4F0,,Romanian leu/Euro ECB reference exchange rate,"ECB reference exchange rate, Romanian leu/Euro, 2.15 pm (C.E.T.)",RON,0
EXR.M.RON.EUR.SP00.A,M,RON,EUR,SP00,A,2022-04,4.9441578947368,A,F,,,P1M,,A,,,,,,,99Q1=100,"Before 1st July 2005 old Romanian leu (ROL) divided by 10,000 is used",,4,,4F0,,Romanian leu/Euro ECB reference exchange rate,"ECB reference exchange rate, Romanian leu/Euro, 2.15 pm (C.E.T.)",RON,0
EXR.M.RON.EUR.SP00.A,M,RON,EUR,SP00,A,2022-05,4.946,A,F,,,P1M,,A,,,,,,,99Q1=100,"Before 1st July 2005 old Romanian leu (ROL) divided by 10,000 is used",,4,,4F0,,Romanian leu/Euro ECB reference exchange rate,"ECB reference exchange rate, Romanian leu/Euro, 2.15 pm (C.E.T.)",RON,0
EXR.M.RON.EUR.SP00.A,M,RON,EUR,SP00,A,2022-06,4.9444045454545,A,F,,,P1M,,A,,,,,,,99Q1=100,"Before 1st July 2005 old Romanian leu (ROL) divided by 10,000 is used",,4,,4F0,,Romanian leu/Euro ECB reference exchange rate,"ECB reference exchange rate, Romanian leu/Euro, 2.15 pm (C.E.T.)",RON,0
EXR.M.RON.EUR.SP00.A,M,RON,EUR,SP00,A,2022-07,4.939580952381,A,F,,,P1M,,A,,,,,,,99Q1=100,"Before 1st July 2005 old Romanian leu (ROL) divided by 10,000 is used",,4,,4F0,,Romanian leu/Euro ECB reference exchange rate,"ECB reference exchange rate, Romanian leu/Euro, 2.15 pm (C.E.T.)",RON,0
EXR.M.RON.EUR.SP00.A,M,RON,EUR,SP00,A,2022-08,4.8943043478261,A,F,,,P1M,,A,,,,,,,99Q1=100,"Before 1st July 2005 old Romanian leu (ROL) divided by 10,000 is used",,4,,4F0,,Romanian leu/Euro ECB reference exchange rate,"ECB reference exchange rate, Romanian leu/Euro, 2.15 pm (C.E.T.)",RON,0
EXR.M.RON.EUR.SP00.A,M,RON,EUR,SP00,A,2022-09,4.9096681818182,A,F,,,P1M,,A,,,,,,,99Q1=100,"Before 1st July 2005 old Romanian leu (ROL) divided by 10,000 is used",,4,,4F0,,Romanian leu/Euro ECB reference exchange rate,"ECB reference exchange rate, Romanian leu/Euro, 2.15 pm (C.E.T.)",RON,0
EXR.M.RON.EUR.SP00.A,M,RON,EUR,SP00,A,2022-10,4.9259285714286,A,F,,,P1M,,A,,,,,,,99Q1=100,"Before 1st July 2005 old Romanian leu (ROL) divided by 10,000 is used",,4,,4F0,,Romanian leu/Euro ECB reference exchange rate,"ECB reference exchange rate, Romanian leu/Euro, 2.15 pm (C.E.T.)",RON,0
EXR.M.RON.EUR.SP00.A,M,RON,EUR,SP00,A,2022-11,4.9141954545455,A,F,,,P1M,,A,,,,,,,99Q1=100,"Before 1st July 2005 old Romanian leu (ROL) divided by 10,000 is used",,4,,4F0,,Romanian leu/Euro ECB reference exchange rate,"ECB reference exchange rate, Romanian leu/Euro, 2.15 pm (C.E.T.)",RON,0
EXR.M.RON.EUR.SP00.A,M,RON,EUR,SP00,A,2022-12,4.9224476190476,A,F,,,P1M,,A,,,,,,,99Q1=100,"Before 1st July 2005 old Romanian leu (ROL) divided by 10,000 is used",,4,,4F0,,Romanian leu/Euro ECB reference exchange rate,"ECB reference exchange rate, Romanian leu/Euro, 2.15 pm (C.E.T.)",RON,0
EXR.M.RON.EUR.SP00.A,M,RON,EUR,SP00,A,2023-01,4.9242272727273,A,F,,,P1M,,A,,,,,,,99Q1=100,"Before 1st July 2005 old Romanian leu (ROL) divided by 10,000 is used",,4,,4F0,,Romanian leu/Euro ECB reference exchange rate,"ECB reference exchange rate, Romanian leu/Euro, 2.15 pm (C.E.T.)",RON,0
EXR.M.RON.EUR.SP00.A,M,RON,EUR,SP00,A,2023-02,4.908675,A,F,,,P1M,,A,,,,,,,99Q1=100,"Before 1st July 2005 old Romanian leu (ROL) divided by 10,000 is used",,4,,4F0,,Romanian leu/Euro ECB reference exchange rate,"ECB reference exchange rate, Romanian leu/Euro, 2.15 pm (C.E.T.)",RON,0
EXR.M.RON.EUR.SP00.A,M,RON,EUR,SP00,A,2023-03,4.9263260869565,A,F,,,P1M,,A,,,,,,,99Q1=100,"Before 1st July 2005 old Romanian leu (ROL) divided by 10,000 is used",,4,,4F0,,Romanian leu/Euro ECB reference exchange rate,"ECB reference exchange rate, Romanian leu/Euro, 2.15 pm (C.E.T.)",RON,0
EXR.M.RON.EUR.SP00.A,M,RON,EUR,SP00,A,2023-04,4.9364944444444,A,F,,,P1M,,A,,,,,,,99Q1=100,"Before 1st July 2005 old Romanian leu (ROL) divided by 10,000 is used",,4,,4F0,,Romanian leu/Euro ECB reference exchange rate,"ECB reference exchange rate, Romanian leu/Euro, 2.15 pm (C.E.T.)",RON,0
EXR.M.RON.EUR.SP00.A,M,RON,EUR,SP00,A,2023-05,4.9477227272727,A,F,,,P1M,,A,,,,,,,99Q1=100,"Before 1st July 2005 old Romanian leu (ROL) divided by 10,000 is used",,4,,4F0,,Romanian leu/Euro ECB reference exchange rate,"ECB reference exchange rate, Romanian leu/Euro, 2.15 pm (C.E.T.)",RON,0
EXR.M.RON.EUR.SP00.A,M,RON,EUR,SP00,A,2023-06,4.9599818181818,A,F,,,P1M,,A,,,,,,,99Q1=100,"Before 1st July 2005 old Romanian leu (ROL) divided by 10,000 is used",,4,,4F0,,Romanian leu/Euro ECB reference exchange rate,"ECB reference exchange rate, Romanian leu/Euro, 2.15 pm (C.E.T.)",RON,0
EXR.M.RON.EUR.SP00.A,M,RON,EUR,SP00,A,2023-07,4.9410904761905,A,F,,,P1M,,A,,,,,,,99Q1=100,"Before 1st July 2005 old Romanian leu (ROL) divided by 10,000 is used",,4,,4F0,,Romanian leu/Euro ECB reference exchange rate,"ECB reference exchange rate, Romanian leu/Euro, 2.15 pm (C.E.T.)",RON,0
EXR.M.RON.EUR.SP00.A,M,RON,EUR,SP00,A,2023-08,4.9410739130435,A,F,,,P1M,,A,,,,,,,99Q1=100,"Before 1st July 2005 old Romanian leu (ROL) divided by 10,000 is used",,4,,4F0,,Romanian leu/Euro ECB reference exchange rate,"ECB reference exchange rate, Romanian leu/Euro, 2.15 pm (C.E.T.)",RON,0
EXR.M.RON.EUR.SP00.A,M,RON,EUR,SP00,A,2023-09,4.9656142857143,A,F,,,P1M,,A,,,,,,,99Q1=100,"Before 1st July 2005 old Romanian leu (ROL) divided by 10,000 is used",,4,,4F0,,Romanian leu/Euro ECB reference exchange rate,"ECB reference exchange rate, Romanian leu/Euro, 2.15 pm (C.E.T.)",RON,0
EXR.M.RON.EUR.SP00.A,M,RON,EUR,SP00,A,2023-10,4.9681772727273,A,F,,,P1M,,A,,,,,,,99Q1=100,"Before 1st July 2005 old Romanian leu (ROL) divided by 10,000 is used",,4,,4F0,,Romanian leu/Euro ECB reference exchange rate,"ECB reference exchange rate, Romanian leu/Euro, 2.15 pm (C.E.T.)",RON,0
EXR.M.RON.EUR.SP00.A,M,RON,EUR,SP00,A,2023-11,4.9702545454545,A,F,,,P1M,,A,,,,,,,99Q1=100,"Before 1st July 2005 old Romanian leu (ROL) divided by 10,000 is used",,4,,4F0,,Romanian leu/Euro ECB reference exchange rate,"ECB reference exchange rate, Romanian leu/Euro, 2.15 pm (C.E.T.)",RON,0
EXR.M.RON.EUR.SP00.A,M,RON,EUR,SP00,A,2023-12,4.9707157894737,A,F,,,P1M,,A,,,,,,,99Q1=100,"Before 1st July 2005 old Romanian leu (ROL) divided by 10,000 is used",,4,,4F0,,Romanian leu/Euro ECB reference exchange rate,"ECB reference exchange rate, Romanian leu/Euro, 2.15 pm (C.E.T.)",RON,0
EXR.M.RON.EUR.SP00.A,M,RON,EUR,SP00,A,2024-01,4.9749272727273,A,F,,,P1M,,A,,,,,,,99Q1=100,"Before 1st July 2005 old Romanian leu (ROL) divided by 10,000 is used",,4,,4F0,,Romanian leu/Euro ECB reference exchange rate,"ECB reference exchange rate, Romanian leu/Euro, 2.15 pm (C.E.T.)",RON,0
EXR.M.RON.EUR.SP00.A,M,RON,EUR,SP00,A,2024-02,4.974619047619,A,F,,,P1M,,A,,,,,,,99Q1=100,"Before 1st July 2005 old Romanian leu (ROL) divided by 10,000 is used",,4,,4F0,,Romanian leu/Euro ECB reference exchange rate,"ECB reference exchange rate, Romanian leu/Euro, 2.15 pm (C.E.T.)",RON,0
EXR.M.RON.EUR.SP00.A,M,RON,EUR,SP00,A,2024-03,4.970765,A,F,,,P1M,,A,,,,,,,99Q1=100,"Before 1st July 2005 old Romanian leu (ROL) divided by 10,000 is used",,4,,4F0,,Romanian leu/Euro ECB reference exchange rate,"ECB reference exchange rate, Romanian leu/Euro, 2.15 pm (C.E.T.)",RON,0
EXR.M.RON.EUR.SP00.A,M,RON,EUR,SP00,A,2024-04,4.9730285714286,A,F,,,P1M,,A,,,,,,,99Q1=100,"Before 1st July 2005 old Romanian leu (ROL) divided by 10,000 is used",,4,,4F0,,Romanian leu/Euro ECB reference exchange rate,"ECB reference exchange rate, Romanian leu/Euro, 2.15 pm (C.E.T.)",RON,0
EXR.M.RON.EUR.SP00.A,M,RON,EUR,SP00,A,2024-05,4.9753818181818,A,F,,,P1M,,A,,,,,,,99Q1=100,"Before 1st July 2005 old Romanian leu (ROL) divided by 10,000 is used",,4,,4F0,,Romanian leu/Euro ECB reference exchange rate,"ECB reference exchange rate, Romanian leu/Euro, 2.15 pm (C.E.T.)",RON,0
EXR.M.RON.EUR.SP00.A,M,RON,EUR,SP00,A,2024-06,4.97674,A,F,,,P1M,,A,,,,,,,99Q1=100,"Before 1st July 2005 old Romanian leu (ROL) divided by 10,000 is used",,4,,4F0,,Romanian leu/Euro ECB reference exchange rate,"ECB reference exchange rate, Romanian leu/Euro, 2.15 pm (C.E.T.)",RON,0
EXR.M.RON.EUR.SP00.A,M,RON,EUR,SP00,A,2024-07,4.973,A,F,,,P1M,,A,,,,,,,99Q1=100,"Before 1st July 2005 old Romanian leu (ROL) divided by 10,000 is used",,4,,4F0,,Romanian leu/Euro ECB reference exchange rate,"ECB reference exchange rate, Romanian leu/Euro, 2.15 pm (C.E.T.)",RON,0
EXR.M.RON.EUR.SP00.A,M,RON,EUR,SP00,A,2024-08,4.9765681818182,A,F,,,P1M,,A,,,,,,,99Q1=100,"Before 1st July 2005 old Romanian leu (ROL) divided by 10,000 is used",,4,,4F0,,Romanian leu/Euro ECB reference exchange rate,"ECB reference exchange rate, Romanian leu/Euro, 2.15 pm (C.E.T.)",RON,0
EXR.M.RON.EUR.SP00.A,M,RON,EUR,SP00,A,2024-09,4.9743761904762,A,F,,,P1M,,A,,,,,,,99Q1=100,"Before 1st July 2005 old Romanian leu (ROL) divided by 10,000 is used",,4,,4F0,,Romanian leu/Euro ECB reference exchange rate,"ECB reference exchange rate, Romanian leu/Euro, 2.15 pm (C.E.T.)",RON,0
EXR.M.RON.EUR.SP00.A,M,RON,EUR,SP00,A,2024-10,4.9750043478261,A,F,,,P1M,,A,,,,,,,99Q1=100,"Before 1st July 2005 old Romanian leu (ROL) divided by 10,000 is used",,4,,4F0,,Romanian leu/Euro ECB reference exchange rate,"ECB reference exchange rate, Romanian leu/Euro, 2.15 pm (C.E.T.)",RON,0
EXR.M.RON.EUR.SP00.A,M,RON,EUR,SP00,A,2024-11,4.9762380952381,A,F,,,P1M,,A,,,,,,,99Q1=100,"Before 1st July 2005 old Romanian leu (ROL) divided by 10,000 is used",,4,,4F0,,Romanian leu/Euro ECB reference exchange rate,"ECB reference exchange rate, Romanian leu/Euro, 2.15 pm (C.E.T.)",RON,0
EXR.M.RON.EUR.SP00.A,M,RON,EUR,SP00,A,2024-12,4.974875,A,F,,,P1M,,A,,,,,,,99Q1=100,"Before 1st July 2005 old Romanian leu (ROL) divided by 10,000 is used",,4,,4F0,,Romanian leu/Euro ECB reference exchange rate,"ECB reference exchange rate, Romanian leu/Euro, 2.15 pm (C.E.T.)",RON,0
EXR.M.RON.EUR.SP00.A,M,RON,EUR,SP00,A,2025-01,4.9751863636364,A,F,,,P1M,,A,,,,,,,99Q1=100,"Before 1st July 2005 old Romanian leu (ROL) divided by 10,000 is used",,4,,4F0,,Romanian leu/Euro ECB reference exchange rate,"ECB reference exchange rate, Romanian leu/Euro, 2.15 pm (C.E.T.)",RON,0
EXR.M.RON.EUR.SP00.A,M,RON,EUR,SP00,A,2025-02,4.977015,A,F,,,P1M,,A,,,,,,,99Q1=100,"Before 1st July 2005 old Romanian leu (ROL) divided by 10,000 is used",,4,,4F0,,Romanian leu/Euro ECB reference exchange rate,"ECB reference exchange rate, Romanian leu/Euro, 2.15 pm (C.E.T.)",RON,0
EXR.M.RON.EUR.SP00.A,M,RON,EUR,SP00,A,2025-03,4.9767523809524,A,F,,,P1M,,A,,,,,,,99Q1=100,"Before 1st July 2005 old Romanian leu (ROL) divided by 10,000 is used",,4,,4F0,,Romanian leu/Euro ECB reference exchange rate,"ECB reference exchange rate, Romanian leu/Euro, 2.15 pm (C.E.T.)",RON,0
EXR.M.RON.EUR.SP00.A,M,RON,EUR,SP00,A,2025-04,4.9775350000000005,A,F,,,P1M,,A,,,,,,,99Q1=100,"Before 1st July 2005 old Romanian leu (ROL) divided by 10,000 is used",,4,,4F0,,Romanian leu/Euro ECB reference exchange rate,"ECB reference exchange rate, Romanian leu/Euro, 2.15 pm (C.E.T.)",RON,0
EXR.M.RON.EUR.SP00.A,M,RON,EUR,SP00,A,2025-05,5.071423809523809,A,F,,,P1M,,A,,,,,,,99Q1=100,"Before 1st July 2005 old Romanian leu (ROL) divided by 10,000 is used",,4,,4F0,,Romanian leu/Euro ECB reference exchange rate,"ECB reference exchange rate, Romanian leu/Euro, 2.15 pm (C.E.T.)",RON,0
EXR.M.RON.EUR.SP00.A,M,RON,EUR,SP00,A,2025-06,5.045433333333333,A,F,,,P1M,,A,,,,,,,99Q1=100,"Before 1st July 2005 old Romanian leu (ROL) divided by 10,000 is used",,4,,4F0,,Romanian leu/Euro ECB reference exchange rate,"ECB reference exchange rate, Romanian leu/Euro, 2.15 pm (C.E.T.)",RON,0
EXR.M.RON.EUR.SP00.A,M,RON,EUR,SP00,A,2025-07,5.071617391304349,A,F,,,P1M,,A,,,,,,,99Q1=100,"Before 1st July 2005 old Romanian leu (ROL) divided by 10,000 is used",,4,,4F0,,Romanian leu/Euro ECB reference exchange rate,"ECB reference exchange rate, Romanian leu/Euro, 2.15 pm (C.E.T.)",RON,0
EXR.M.RON.EUR.SP00.A,M,RON,EUR,SP00,A,2025-08,5.06512380952381,A,F,,,P1M,,A,,,,,,,99Q1=100,"Before 1st July 2005 old Romanian leu (ROL) divided by 10,000 is used",,4,,4F0,,Romanian leu/Euro ECB reference exchange rate,"ECB reference exchange rate, Romanian leu/Euro, 2.15 pm (C.E.T.)",RON,0
EXR.M.RON.EUR.SP00.A,M,RON,EUR,SP00,A,2025-09,5.073959090909091,A,F,,,P1M,,A,,,,,,,99Q1=100,"Before 1st July 2005 old Romanian leu (ROL) divided by 10,000 is used",,4,,4F0,,Romanian leu/Euro ECB reference exchange rate,"ECB reference exchange rate, Romanian leu/Euro, 2.15 pm (C.E.T.)",RON,0
EXR.M.RON.EUR.SP00.A,M,RON,EUR,SP00,A,2025-10,5.087182608695653,A,F,,,P1M,,A,,,,,,,99Q1=100,"Before 1st July 2005 old Romanian leu (ROL) divided by 10,000 is used",,4,,4F0,,Romanian leu/Euro ECB reference exchange rate,"ECB reference exchange rate, Romanian leu/Euro, 2.15 pm (C.E.T.)",RON,0
EXR.M.RON.EUR.SP00.A,M,RON,EUR,SP00,A,2025-11,5.086735000000001,A,F,,,P1M,,A,,,,,,,99Q1=100,"Before 1st July 2005 old Romanian leu (ROL) divided by 10,000 is used",,4,,4F0,,Romanian leu/Euro ECB reference exchange rate,"ECB reference exchange rate, Romanian leu/Euro, 2.15 pm (C.E.T.)",RON,0
EXR.M.RON.EUR.SP00.A,M,RON,EUR,SP00,A,2025-12,5.091276190476191,A,F,,,P1M,,A,,,,,,,99Q1=100,"Before 1st July 2005 old Romanian leu (ROL) divided by 10,000 is used",,4,,4F0,,Romanian leu/Euro ECB reference exchange rate,"ECB reference exchange rate, Romanian leu/Euro, 2.15 pm (C.E.T.)",RON,0
EXR.M.RON.EUR.SP00.A,M,RON,EUR,SP00,A,2026-01,5.091895238095239,A,F,,,P1M,,A,,,,,,,99Q1=100,"Before 1st July 2005 old Romanian leu (ROL) divided by 10,000 is used",,4,,4F0,,Romanian leu/Euro ECB reference exchange rate,"ECB reference exchange rate, Romanian leu/Euro, 2.15 pm (C.E.T.)",RON,0
EXR.M.RON.EUR.SP00.A,M,RON,EUR,SP00,A,2026-02,5.094485,A,F,,,P1M,,A,,,,,,,99Q1=100,"Before 1st July 2005 old Romanian leu (ROL) divided by 10,000 is used",,4,,4F0,,Romanian leu/Euro ECB reference exchange rate,"ECB reference exchange rate, Romanian leu/Euro, 2.15 pm (C.E.T.)",RON,0
EXR.M.RON.EUR.SP00.A,M,RON,EUR,SP00,A,2026-03,5.0953954545454545,A,F,,,P1M,,A,,,,,,,99Q1=100,"Before 1st July 2005 old Romanian leu (ROL) divided by 10,000 is used",,4,,4F0,,Romanian leu/Euro ECB reference exchange rate,"ECB reference exchange rate, Romanian leu/Euro, 2.15 pm (C.E.T.)",RON,0
EXR.M.RON.EUR.SP00.A,M,RON,EUR,SP00,A,2026-04,5.09905,A,F,,,P1M,,A,,,,,,,99Q1=100,"Before 1st July 2005 old Romanian leu (ROL) divided by 10,000 is used",,4,,4F0,,Romanian leu/Euro ECB reference exchange rate,"ECB reference exchange rate, Romanian leu/Euro, 2.15 pm (C.E.T.)",RON,0
EXR.M.RON.EUR.SP00.A,M,RON,EUR,SP00,A,2026-05,5.229614999999999,A,F,,,P1M,,A,,,,,,,99Q1=100,"Before 1st July 2005 old Romanian leu (ROL) divided by 10,000 is used",,4,,4F0,,Romanian leu/Euro ECB reference exchange rate,"ECB reference exchange rate, Romanian leu/Euro, 2.15 pm (C.E.T.)",RON,0
EXR.M.RON.EUR.SP00.A,M,RON,EUR,SP00,A,2026-06,5.242072727272728,A,F,,,P1M,,A,,,,,,,99Q1=100,"Before 1st July 2005 old Romanian leu (ROL) divided by 10,000 is used",,4,,4F0,,Romanian leu/Euro ECB reference exchange rate,"ECB reference exchange rate, Romanian leu/Euro, 2.15 pm (C.E.T.)",RON,0
EXR.M.RON.EUR.SP00.A,M,RON,EUR,SP00,A,2026-07,5.237186956521739,A,F,,,P1M,,A,,,,,,,99Q1=100,"Before 1st July 2005 old Romanian leu (ROL) divided by 10,000 is used",,4,,4F0,,Romanian leu/Euro ECB reference exchange rate,"ECB reference exchange rate, Romanian leu/Euro, 2.15 pm (C.E.T.)",RON,0
EXR.M.RON.EUR.SP00.A,M,RON,EUR,SP00,A,2026-08,5.2493285714285705,A,F,,,P1M,,A,,,,,,,99Q1=100,"Before 1st July 2005 old Romanian leu (ROL) divided by 10,000 is used",,4,,4F0,,Romanian leu/Euro ECB reference exchange rate,"ECB reference exchange rate, Romanian leu/Euro, 2.15 pm (C.E.T.)",RON,0
